外交,国防,发展和改革委员会,教育,科学技术,工业和信息化,民族家族事物,公安,国家安全,民政,司法,财政,人力资源,自然资源,生态环境,住房,交通运输,水利,农业农村,商务,文化,卫生健康,退役军人,消防,银行,审计,国有资产监督管理,海关,税务,市场监督,广播电视,体育,统计,国际发展合作,医疗保障,参事,机关事务管理,信访,粮食物资储备,能源,国防科技,烟草,移民,林业和草原,铁路,航空,邮政,文物,医药管理,煤矿监察,外汇管理,药品监督,知识产权,部队,高等院校,社会保障,党,机关
外交,国防,发展和改革委员会,教育,科学技术,工业和信息化,民族家族事物,公安,国家安全,民政,司法,财政,人力资源,自然资源,生态环境,住房,交通运输,水利,农业农村,商务,文化,卫生健康,退役军人,消防,银行,审计,国有资产监督管理,海关,税务,市场监督,广播电视,体育,统计,国际发展合作,医疗保障,参事,机关事务管理,信访,粮食物资储备,能源,国防科技,烟草,移民,林业和草原,铁路,航空,邮政,文物,医药管理,煤矿监察,外汇管理,药品监督,知识产权,部队,高等院校,社会保障,党,机关
,,发改委,语言文字,科技,工信,民族,派出所,国安,,司法,财政,人事,海洋,环境,建设,交通,水务,农业,,旅游,卫健,,应急管理,,,国有资产,,,监督管理,广电,,,发展合作,医保,,,,物资,,国防,,,林业,,,,,,,,药监,,军,大学,社保,常委,行政
,,发展,教科文,科学,工业,,,,,公证,经济,人力,,生态环境,住房,运输,水源,农村,,文化旅游,卫生,,救援,,,国土监管,,,监督,,,,,,,,,粮食,,,,,草原,,,,,,,,医药监督,,警备,学院,救助管理站,政治,管理
,,改革,考试院,技术,信息化,,,,,律师,投资,组织部,,人居,住房和建设,港务,河湖,,,,健康,,森林消防,,,规划,,,市场,,,,,,,,,储备,,,,,,,,,,,,,,,,学校,社会事务,共青团,街道
,,,,高新,,,,,,监狱,国库,,,环保,建筑,港航,水文,,,,,,消防,,,国土,,,监管,,,,,,,,,,,,,,,,,,,,,,,,,,救助,市委,政府
,,,,专家,,,,,,监察,预算,,,环境保护,房,,水质,,,,,,三防,,,城市设计,,,,,,,,,,,,,,,,,,,,,,,,,,,,,救护,区委,
,,,,,,,,,,检查,会计,,,污染,,,,,,,,,,,,国资,,,,,,,,,,,,,,,,,,,,,,,,,,,,,工会,团委,
,,,,,,,,,,法规,经贸,,,,,,,,,,,,,,,,,,,,,,,,,,,,,,,,,,,,,,,,,,,,保险,县委,
,,,,,,,,,,法律,工贸,,,,,,,,,,,,,,,,,,,,,,,,,,,,,,,,,,,,,,,,,,,,慈善,省委,
,,,,,,,,,,政法,贸工,,,,,,,,,,,,,,,,,,,,,,,,,,,,,,,,,,,,,,,,,,,,福利,委员会,
,,,,,,,,,,法院,,,,,,,,,,,,,,,,,,,,,,,,,,,,,,,,,,,,,,,,,,,,,捐助,中共,
,,,,,,,,,,,,,,,,,,,,,,,,,,,,,,,,,,,,,,,,,,,,,,,,,,,,,,,,共产党,
