age,name,location,organization,position,org_key,org_class
54,丁强,深圳市,原市规划与国土资源局规划处,副处长,原规划与国土资源规划,国有资产监督管理
54,丁强,深圳市,原市规划局规划处,副处长;总师室调研员,原规划规划,国有资产监督管理
54,丁强,深圳市,市规划国土委地区规划处,处长,规划国土委地规划,国有资产监督管理
54,丁强,深圳市,科技信息处,处长,科技信息,科学技术
54,丁强,深圳市,龙华管理局,局长,管理,机关
54,丁强,深圳市,深汕特别合作区管委会,副主任,深汕特别合作管委会,Else
54,丁强,深圳市,总体规划处（市城市规划委员会秘书处）,Blank,总体规划（城规划秘书）,国有资产监督管理
54,丁强,深圳市,地区规划处（地名处）,Blank,地规划（地名）,国有资产监督管理
54,丁强,深圳市,城市和建筑设计处（市雕塑办公室）,Blank,城和建筑设计（雕塑）,住房
54,丁强,深圳市,盐田管理局,Blank,管理,机关
54,丁强,深圳市,深汕合作区管理局,Blank,深汕合作管理,机关
54,丁强,深圳市,市规划国土发展研究中心,Blank,规划国土发展研究中心,发展和改革委员会
54,丁强,深圳市,市公共艺术中心（深圳雕塑院、市城市设计促进中心）,Blank,公共艺术中心（雕塑院、城设计促进中心）,国有资产监督管理
54,丁强,深圳市,市当代艺术馆与城市规划展览馆,Blank,当代艺术馆与城规划展览馆,国有资产监督管理
55,于宝明,深圳市,市交通运输委员会（市港务管理局）,党组书记;主任（局长）,交通运输（港务管理）,交通运输
55,于宝明,深圳市,市交通运输局（市港务管理局）,党组书记;局长,交通运输（港务管理）,交通运输
55,于宝明,深圳市,市建筑工务署,党组书记;署长,建筑工务署,住房
55,于宝明,深圳市,市运输局建设处,处长,运输建设,住房
55,于宝明,深圳市,市交通局规划建设处,调研员;处长,交通规划建设,住房
55,于宝明,深圳市,市交通局,总工程师;副局长,交通,交通运输
55,于宝明,深圳市,市交通运输委,党组成员;副主任,交通运输委,交通运输
57,任继光,深圳市,深圳市司法局,党委委员;副局长,司法,司法
57,任继光,深圳市,律师公证管理处,Blank,律师公证管理,司法
57,任继光,深圳市,社区矫正和安置帮教工作处,Blank,社矫正和安置帮教工作,Else
57,任继光,深圳市,市监狱戒毒管理办公室,Blank,监狱戒毒管理,司法
57,任继光,深圳市,深圳监狱,Blank,监狱,司法
57,任继光,深圳市,市司法局第一强制隔离戒毒所,Blank,司法第一强制隔离戒毒所,司法
57,任继光,深圳市,市司法局第二强制隔离戒毒所,Blank,司法第二强制隔离戒毒所,司法
57,任继光,深圳市,宝安区司法局,Blank,司法,司法
57,任继光,深圳市,光明区综合办,Blank,光明综合办,Else
57,任继光,深圳市,市律师协会,Blank,律师协会,司法
57,任继光,深圳市,市公证协会,Blank,公证协会,司法
57,任继光,深圳市,深圳市司法局,党委委员;副局长,司法,司法
57,任继光,深圳市,深圳市公安局,党委委员;副局长,公安,公安
56,余璟,深圳市,发展和改革委员会,党组成员;副主任,发展和改革,发展和改革委员会
56,余璟,深圳市,能源集团东部电厂,总经理,能源集团东部电厂,能源
56,余璟,深圳市,东部电厂二期厂,办主任,东部电厂二期厂,Else
54,关苏,深圳市,教育局党组,二级巡视员,教育党组,教育
54,关苏,深圳市,教育局党组,巡视员,教育党组,教育
54,关苏,湖北省,军区办公室,主任,军,部队
54,关苏,湖北省,咸宁军分区政治,委员,咸宁军分政治,部队
54,关苏,深圳市,驻香港部队基地,副政治委员,驻香港部队基地,部队
54,凌冲,深圳市,深圳市委员会,副部长;部长,,党
54,凌冲,深圳市,深圳市团校,副校长(正处级),团校,Else
54,凌冲,深圳市,深圳市委教育基地,主任,委教育基地,教育
54,凌冲,深圳市,深圳市老龄工作委员会办公室,主任,老龄工作,党
54,凌冲,深圳市,市民政局救灾救济和低保处,处长,民政救灾救济和低保,民政
54,凌冲,深圳市,市民政局救灾救助和慈善处,处长,民政救灾救助和慈善,民政
54,凌冲,深圳市,市民间组织管理局,局长,民间组织管理,机关
54,凌冲,深圳市,社会组织管理局,Blank,社会组织管理,机关
54,凌冲,深圳市,社会组织,Blank,社会组织,Else
59,刘世会,深圳市,市规划与国土资源局机关服务中心,中心主任,规划与国土资源机关服务中心,国有资产监督管理
59,刘世会,深圳市,市国土资源和房产管理局,办公室主任,国土资源和房产管理,住房
59,刘世会,深圳市,地政和监察分局,局长,地政和监察分,司法
59,刘世会,深圳市,直属分局,局长,直属分,Else
59,刘世会,深圳市,市规划和国土资源委员会行政监察处,处长,规划和国土资源行政监察,司法
59,刘世会,深圳市,秘书处,处长,秘书,Else
59,刘世会,深圳市,办公室（信访办）,Blank,（信访办）,信访
59,刘世会,深圳市,机关党委（人事处）,Blank,机关党委（人事）,人力资源
59,刘世会,深圳市,龙岗管理局,Blank,管理,机关
59,刘世会,深圳市,坪山管理局,Blank,管理,机关
59,刘世会,深圳市,山水宾馆,Blank,山水宾馆,Else
49,刘伟,深圳市,发展和改革委员会,副主任,发展和改革,发展和改革委员会
49,刘伟,深圳市,龙岗区委,常委,委,党
49,刘伟,深圳市,区政府,党组成员,政府,机关
49,刘伟,深圳市,龙岗区委,常委;副区长,委,党
49,刘伟,深圳市,区政府,党组成员,政府,机关
49,刘伟,深圳市,龙岗区政府副区长,党组成员,政府副长,机关
49,刘伟,深圳市,发展和改革委员会综合处,处长,发展和改革综合,发展和改革委员会
49,刘伟,深圳市,人民政府办公厅第一秘书处,处长,人民政府办公厅第一秘书,民政
49,刘伟,深圳市,人民政府办公厅财经处,副处长,人民政府办公厅财经,民政
49,刘伟,深圳市,人民政府办公厅综合处,副处长,人民政府办公厅综合,民政
49,刘伟,深圳市,人民政府办公厅综合处,主任科员,人民政府办公厅综合,民政
49,刘伟,上海市,复旦大学,政治经济学博士研究生,复旦大学,高等院校
49,刘伟,上海市,复旦大学,经济学系硕士研究生,复旦大学,高等院校
49,刘伟,浙江省,华东石化销售公司高桥石油站,科员,华东石化销售公司高桥石油站,Else
49,刘伟,浙江省,浙江大学应用电子技术专业,学生,浙江大学应用电子技术专业,科学技术
57,刘初汉,深圳市,深圳市生态环境局,党组书记;局长,生态环境,生态环境
57,刘初汉,深圳市,深圳市生态环境局,Blank,生态环境,生态环境
57,刘初汉,深圳市,深圳市人居环境委员会,主任,人居环境,生态环境
57,刘初汉,北京市,北京大学高级管理人员工商管理,硕士,北京大学高级管理人员工商管理,高等院校
57,刘初汉,深圳市,深圳市城管局（市城管执法局）,副局长;党委委员,城管（城管执法）,Else
57,刘初汉,深圳市,深圳市府城管办（市城管执法局）,副主任（副局长）;党委委员,府城管办（城管执法）,Else
57,刘初汉,深圳市,深圳市环境监理所,所长,环境监理所,生态环境
57,刘初汉,深圳市,深圳市环保局监督管理处,处长,环保监督管理,生态环境
57,刘初汉,深圳市,深圳市环保局监督管理处,副处长（主持该处工作）,环保监督管理,生态环境
57,刘初汉,深圳市,深圳市环保局政策法规处,副处长（主持该处工作）,环保政策法规,司法
57,刘初汉,深圳市,深圳市环保局政策法规处主任,科员（该处负责人）,环保政策法规主任,司法
57,刘初汉,深圳市,深圳市环保局办公室,副主任科员（文秘）,环保,生态环境
57,刘初汉,深圳市,深圳市环保局办公室,科员（文秘）,环保,生态环境
57,刘初汉,武汉省,武汉大学法学专业,学生,武汉大学法学专业,高等院校
50,卢旭阳,深圳市,深圳市生态环境局,党组成员;副局长,生态环境,生态环境
50,卢旭阳,深圳市,大气环境处,Blank,大气环境,生态环境
50,卢旭阳,深圳市,生态环境监测与科技处,Blank,生态环境监测与科技,科学技术
50,卢旭阳,深圳市,安全生产和环境应急工作,Blank,安全生产和环境应急工作,生态环境
50,卢旭阳,深圳市,市环境监测中心站,Blank,环境监测中心站,生态环境
50,卢旭阳,深圳市,市生态环境监测院,Blank,生态环境监测院,生态环境
50,卢旭阳,深圳市,市环境科学研究院,Blank,环境科学研究院,科学技术
50,卢旭阳,深圳市,市生态环境局南山分局,Blank,生态环境分,生态环境
50,卢旭阳,深圳市,市生态环境局龙华分局,Blank,生态环境分,生态环境
50,卢旭阳,深圳市,深圳市人居环境委员会大气环境管理处,处长,人居环境大气环境管理,生态环境
50,卢旭阳,深圳市,深圳市人居环境委员会,副主任,人居环境,生态环境
50,卢旭阳,深圳市,深圳市人居环境委员会环境安全管理处,处长,人居环境环境安全管理,生态环境
50,卢旭阳,深圳市,深圳市人居环境委员会大气污染防治办公室,副主任,人居环境大气污染防治,生态环境
50,卢旭阳,深圳市,深圳市人居环境委员会污染防治处,调研员,人居环境污染防治,生态环境
50,卢旭阳,深圳市,深圳市人居环境委员会污染防治处,副处长,人居环境污染防治,生态环境
50,卢旭阳,深圳市,深圳市环保局环境监督管理处,副处长,环保环境监督管理,生态环境
50,卢旭阳,深圳市,深圳市机动车排污监督管理办公室,副主任,机动车排污监督管理,市场监督
50,卢旭阳,深圳市,深圳市固废管理中心,工程师,固废管理中心,机关
50,卢旭阳,深圳市,深圳市环保局,副主任科员,环保,生态环境
50,卢旭阳,深圳市,深圳市环境监理所环境,监理员,环境监理所环境,生态环境
50,卢旭阳,深圳市,沙头角建筑设计公司,排水设计助工,沙头角建筑设计公司,住房
50,卢旭阳,北京市,清华大学环境工程专业,学生,清华大学环境工程专业,生态环境
53,吴军军,深圳市,深圳市人力资源和社会保障局,党组成员;副局长,人力资源和社会保障,人力资源
56,吴学龙,深圳市,深圳市生态环境局,副巡视员,生态环境,生态环境
56,吴学龙,深圳市,环境应急管理处,Blank,环境应急管理,生态环境
56,吴学龙,深圳市,市生态环境局罗湖分局,Blank,生态环境罗湖分,生态环境
56,吴学龙,深圳市,市生态环境局坪山分局,Blank,生态环境分,生态环境
56,吴学龙,深圳市,深圳市城市管理局（市城市管理行政执法局）,党委委员,城管理（城管理行政执法）,机关
56,吴学龙,深圳市,深圳市环境卫生管理处,处长（副局级）,环境卫生管理,生态环境
56,吴学龙,深圳市,深圳市环境卫生管理处,处长,环境卫生管理,生态环境
56,吴学龙,深圳市,深圳市环境卫生管理处,党委副书记;主任,环境卫生管理,生态环境
56,吴学龙,深圳市,深圳市环境卫生管理处,副主任,环境卫生管理,生态环境
56,吴学龙,深圳市,深圳市环境卫生管理处技术设备科,科长,环境卫生管理技术设备科,科学技术
56,吴学龙,深圳市,深圳市环境卫生管理处技术设备科,副科长,环境卫生管理技术设备科,科学技术
56,吴学龙,深圳市,深圳市环卫化工厂,副厂长;厂长,环卫化工厂,Else
56,吴学龙,深圳市,深圳市环境卫生管理处,科员,环境卫生管理,生态环境
56,吴学龙,北京市,北京大学环境科学中心环境地学专业,硕士研究生,北京大学环境科学中心环境地学专业,科学技术
56,吴学龙,武汉市,武汉城市建筑学院环境工程系,教师,武汉城建筑学院环境工程系,生态环境
56,吴学龙,北京市,清华大学土木工程系,学员,清华大学土木工程系,高等院校
56,吴登记,深圳市,深圳市人力资源和社会保障局,党组成员,人力资源和社会保障,人力资源
56,吴登记,深圳市,市社会保险基金管理局,Blank,社会保险基金管理,社会保障
56,吴登记,深圳市,分管养老保险处,Blank,分管养老保险,社会保障
56,吴登记,深圳市,工伤保险处,Blank,工伤保险,社会保障
56,吴登记,深圳市,市人力资源和社会保障局工资福利处,处长,人力资源和社会保障工资福利,人力资源
56,吴登记,深圳市,深圳市社会保险基金管理局,局长;党委书记,社会保险基金管理,社会保障
50,吴远翔,深圳市,深圳市委办公厅综合一处,副处长,委办公厅综合一,党
50,吴远翔,深圳市,市民管局执法监察处,处长,民管执法监察,司法
50,吴远翔,深圳市,市民政局办公室,主任,民政,民政
50,吴远翔,深圳市,深圳市委办公厅综合一处,Blank,委办公厅综合一,党
50,吴远翔,深圳市,市民管局执法监察处,Blank,民管执法监察,司法
50,吴远翔,深圳市,市民政局办公室,Blank,民政,民政
50,吴远翔,深圳市,办公室,Blank,,Else
50,吴远翔,深圳市,规划和政策法规处,Blank,规划和政策法规,司法
50,吴远翔,深圳市,市捐助中心,Blank,捐助中心,社会保障
50,吴远翔,深圳市,市慈善会,Blank,慈善会,社会保障
50,吴远翔,深圳市,分管领域和分管部门单位,Blank,分管领域和分管部门单位,Else
50,吴远翔,深圳市,市慈善事业联合会,Blank,慈善事业联合会,社会保障
50,吴远翔,深圳市,市中国慈展会发展中心,Blank,中国慈展会发展中心,发展和改革委员会
50,吴远翔,深圳市,市社会工作者协会,Blank,社会工作者协会,Else
49,周岸标,深圳市,政协深圳市坪山区委员会,副主席;党组成员,政协,党
49,周岸标,深圳市,中共深圳市坪山区石井街道工作委员会,书记,中共石井街道工作,党
49,周岸标,深圳市,深圳市生态环境局,党组成员;副局长,生态环境,生态环境
49,周岸标,深圳市,法规和标准处（生态文明体制改革办公室）,Blank,法规和标准（生态文明体制改革）,发展和改革委员会
49,周岸标,深圳市,环境影响评价与排放管理处（行政审批处）,Blank,环境影响评价与排放管理（行政审批）,生态环境
49,周岸标,深圳市,污染源管理处,Blank,污染源管理,生态环境
49,周岸标,深圳市,市生态环境执法支队,Blank,生态环境执法支队,生态环境
49,周岸标,深圳市,市人居环境技术审查中心,Blank,人居环境技术审查中心,科学技术
49,周岸标,深圳市,市生态环境局龙岗分局,Blank,生态环境分,生态环境
49,周岸标,深圳市,市生态环境局深汕特别合作区分局,Blank,生态环境深汕特别合作分,生态环境
49,周岸标,深圳市,中共深圳市坪山新区石井街道工作委员会书记兼办事处,主任,中共新石井街道工作书记兼办事,党
49,周岸标,深圳市,深圳市坪山新区坑梓办事处,主任,新坑梓办事,Else
49,周岸标,深圳市,深圳市坪山新区社会管理局,副局长（正处级）,新社会管理,机关
49,周岸标,深圳市,深圳市人力资源和社会保障局,党组成员;副局长,人力资源和社会保障,人力资源
49,周岸标,广东省,共青团深圳市委,副部长;部长,共青团委,党
54,娄和儒,深圳市,市交通运输局（市港务管理局）,党组成员;副局长,交通运输（港务管理）,交通运输
54,娄和儒,深圳市,物流和供应链发展处（市泥头车安全专项整治工作领导小组办公室）,Blank,物流和供应链发展（泥头车安全专项整治工作领导小组）,发展和改革委员会
54,娄和儒,深圳市,港航管理处,Blank,港航管理,交通运输
54,娄和儒,深圳市,民航发展处,Blank,民航发展,发展和改革委员会
54,娄和儒,深圳市,宝安管理局,Blank,管理,机关
54,娄和儒,深圳市,光明管理局,Blank,光明管理,机关
54,娄和儒,深圳市,深圳港引航站,Blank,港引航站,Else
54,娄和儒,深圳市,主持局直属机关,Blank,主持直属机关,机关
54,娄和儒,深圳市,深圳市交通运输委员会（市港务管理局）,党组成员;副主任（副局长）,交通运输（港务管理）,交通运输
54,娄和儒,深圳市,市交通局政工人事处,副处长;纪委副书记,交通政工人事,人力资源
54,娄和儒,深圳市,安全技术处,处长,安全技术,科学技术
54,娄和儒,深圳市,政工人事处,处长,政工人事,人力资源
54,娄和儒,深圳市,市交通运输委员会人事处,处长,交通运输人事,人力资源
58,孙福金,深圳市,深圳市人力资源和社会保障局,局长,人力资源和社会保障,人力资源
58,孙福金,深圳市,深圳市人力资源和社会保障局,党组书记,人力资源和社会保障,人力资源
58,孙福金,深圳市,深圳市机构编制委员会,办公室主任,机构编制,党
58,孙福金,深圳市,深圳市机构编制委员会办公室,办公室副主任,机构编制,党
58,孙福金,深圳市,深圳市机构编制委员会办公室,办公室副主任,机构编制,党
58,孙福金,深圳市,深圳市人事局（编办）,党组成员,人事（编办）,人力资源
52,尹杰,深圳市,深圳市生态环境局,党组成员;副局长,生态环境,生态环境
52,尹杰,深圳市,生态环境保护督查处,Blank,生态环境保护督查,生态环境
52,尹杰,深圳市,水生态环境处,Blank,水生态环境,生态环境
52,尹杰,深圳市,市饮用水源保护管理办公室,Blank,饮用水源保护管理,水利
52,尹杰,深圳市,市生态环境局宝安分局,Blank,生态环境分,生态环境
52,尹杰,深圳市,市生态环境局光明分局,Blank,生态环境光明分,生态环境
52,尹杰,深圳市,深圳市人居环境委员会水和土壤环境管理处,处长,人居环境水和土壤环境管理,生态环境
52,尹杰,深圳市,深圳市人居环境委员会污染物排放总量控制处,处长,人居环境污染物排放总量控制,生态环境
52,尹杰,深圳市,深圳市人居环境委员会污染减排处,调研员,人居环境污染减排,生态环境
52,尹杰,深圳市,深圳市人居环境委员会污染减排处,副处长,人居环境污染减排,生态环境
52,尹杰,深圳市,深圳市环境保护局生态市建设办公室,主任,环境保护生态建设,生态环境
52,尹杰,深圳市,深圳市污染源普查办公室,主任,污染源普查,生态环境
52,尹杰,深圳市,深圳市污染减排,办公室主任,污染减排,生态环境
52,尹杰,深圳市,深圳市污染源普查办公室,办公室主任,污染源普查,生态环境
52,尹杰,深圳市,深圳市环境保护局规划处,副处长,环境保护规划,生态环境
52,尹杰,深圳市,深圳市环境保护局规划处,主任科员,环境保护规划,生态环境
52,尹杰,深圳市,深圳市环境保护局规划处,副主任科员,环境保护规划,生态环境
52,尹杰,深圳市,深圳市环境综合治理办公室,秘书部科员,环境综合治理,生态环境
52,尹杰,深圳市,深圳市环境保护监测站,助理工程师,环境保护监测站,生态环境
52,尹杰,南京市,南京大学环境化学专业,学生,南京大学环境化学专业,生态环境
56,廖远飞,深圳市,深圳市委办公厅,正处级秘书,委办公厅,党
56,廖远飞,深圳市,市工商行政管理局（物价局）宝安分局,局长,工商行政管理（物价）分,机关
56,廖远飞,深圳市,市工商行政管理局（物价局）,副局长,工商行政管理（物价）,机关
56,廖远飞,深圳市,市场监管局,副局长,场监管,市场监督
56,廖远飞,深圳市,市场监管局（知识产权局）,副局长,场监管（知识产权）,市场监督
56,廖远飞,深圳市,市委办公厅,副主任,委办公厅,党
53,张亚立,深圳市,深圳市生态环境局,党组成员;副局长,生态环境,生态环境
53,张亚立,深圳市,机关党委（人事处）,Blank,机关党委（人事）,人力资源
53,张亚立,深圳市,规划发展与财务处,Blank,规划发展与财务,发展和改革委员会
53,张亚立,深圳市,自然生态与海洋生态保护处,Blank,自然生态与海洋生态保护,自然资源
53,张亚立,深圳市,市生态环境智控中心（市生态环境宣传教育中心）,Blank,生态环境智控中心（生态环境宣传教育中心）,教育
53,张亚立,深圳市,一带一路环境技术交流与转移中心（深圳）,Blank,一带一路环境技术交流与转移中心（）,科学技术
53,张亚立,深圳市,市生态环境局盐田分局,Blank,生态环境分,生态环境
53,张亚立,深圳市,市生态环境局大鹏新区分局,Blank,生态环境大鹏新分,生态环境
53,张亚立,深圳市,深圳市东江环保股份有限公司,总裁助理（挂职）,东江环保股份有限公司,生态环境
53,张亚立,深圳市,深圳市人居环境委员会生态文明建设处,处长,人居环境生态文明建设,生态环境
53,张亚立,深圳市,深圳市人居环境委员会污染减排处,处长,人居环境污染减排,生态环境
53,张亚立,深圳市,深圳市人居环境委员会污染减排处,调研员,人居环境污染减排,生态环境
53,张亚立,深圳市,深圳市人居环境委员会污染减排处,副处长,人居环境污染减排,生态环境
53,张亚立,深圳市,深圳市高新办建设协调处,副处长,高新办建设协调,科学技术
53,张亚立,深圳市,深圳市高新办建设协调处主任,科员,高新办建设协调主任,科学技术
53,张亚立,深圳市,深圳市宝安区建设局建设管理,人事管理员,建设建设管理,住房
53,张亚立,深圳市,深圳石化集团,质检员,石化集团,Else
53,张亚立,兰州市,兰州大学化学专业,学员,兰州大学化学专业,高等院校
55,张学凡,深圳市,深圳市住房和建设局,局长,住房和建设,住房
55,张学凡,深圳市,Blank,党组书记,Blank,Else
55,张学凡,深圳市,深圳市福田区建筑工务局,局长,建筑工务,住房
55,张学凡,深圳市,福田区住房和建设局,局长,住房和建设,住房
55,张学凡,深圳市,深圳市住房和建设局,党组成员,住房和建设,住房
55,张学凡,深圳市,市住房保障署,署长,住房保障署,住房
58,张涞临,深圳市,教育局,二级巡视员,教育,教育
58,张涞临,深圳市,教育局,巡视员,教育,教育
58,张涞临,深圳市,教育局,副局长;党组成员,教育,教育
58,张涞临,深圳市,市委教育工委,委员,委教育工委,教育
58,张涞临,深圳市,坪山新区党工委,职位委员;管理委员会副主任,新党工委,党
58,张涞临,深圳市,贸易工业局,副局长;党组成员,贸易工业,工业和信息化
51,张礼卫,深圳市,深圳市水务局,党组书记;局长,水务,水利
51,张礼卫,深圳市,市水污染治理指挥部,办公室主任,水污染治理指挥部,生态环境
51,张礼卫,深圳市,深圳市水务局,处长,水务,水利
51,张礼卫,深圳市,深圳市东江水源工程管理处,主任,东江水源工程管理,水利
51,张礼卫,深圳市,深圳市建筑工务署,党组成员;总工程师;副署长;党组书记,建筑工务署,住房
51,张礼卫,深圳市,深圳市水务局政工人事处,处长,水务政工人事,人力资源
51,张礼卫,深圳市,深圳市东江水源工程管理处,主任,东江水源工程管理,水利
51,张礼卫,深圳市,深圳市建筑工务署,党组成员;总工程师;副署长;党组书记,建筑工务署,住房
58,张福通,深圳市,办公室;财务审计处,Blank,;财务审计,审计
58,张福通,深圳市,法规处（审批综合处）,Blank,法规（审批综合）,司法
58,张福通,深圳市,安全应急处（交通战备处）,Blank,安全应急（交通战备）,交通运输
58,张福通,深圳市,市交通运输行政执法支队,Blank,交通运输行政执法支队,交通运输
58,张福通,深圳市,福田管理局,Blank,管理,机关
58,张福通,深圳市,南山管理局,Blank,管理,机关
58,张福通,深圳市,市道路交通管理事务中心,Blank,道路交通管理事务中心,交通运输
58,张福通,深圳市,深圳市交通运输委员会,党组成员;巡视员,交通运输,交通运输
58,张福通,深圳市,市交通运输局（市港务管理局）,党组成员;巡视员,交通运输（港务管理）,交通运输
58,张福通,深圳市,市财政培训中心,主任（副处级）,财政培训中心,财政
58,张福通,深圳市,市财政局,党组成员;总经济师（副局级）,财政,财政
58,张福通,深圳市,市财政局,党组成员;副局长,财政,财政
58,张福通,深圳市,市财政委员会,党组成员;副主任,财政,财政
56,张素芬,深圳市,深圳市财政局,党组二级巡视员,财政,财政
56,张素芬,深圳市,预算处,Blank,预算,财政
56,张素芬,深圳市,国库处,Blank,国库,财政
56,张素芬,深圳市,深圳市财政国库支付中心,Blank,财政国库支付中心,财政
56,张素芬,深圳市,深圳市财政局,党组巡视员,财政,财政
56,张素芬,深圳市,深圳市财政委员会,党组巡视员,财政,财政
56,张素芬,深圳市,深圳市总工会,党组副主席,总工会,社会保障
56,张素芬,深圳市,机关,党委书记,机关,机关
49,张谦,深圳市,深圳市南山区规划土地监察大队,局长,规划土地监察大队,司法
49,张谦,深圳市,南山区城市更新局（土地整备局）,局长,城更新（土地整备）,Else
49,张谦,深圳市,南山区西丽街道,党工委书记,西丽街道,机关
49,张谦,深圳市,办事处,主任,办事,Else
49,张谦,深圳市,市规划土地监察局,Blank,规划土地监察,司法
49,张谦,深圳市,分管林业管理处,Blank,分管林业管理,林业和草原
49,张谦,深圳市,市野生动植物保护管理处,Blank,野生动植物保护管理,机关
49,张谦,深圳市,龙华管理局,Blank,管理,机关
49,张谦,深圳市,市野生动物救护中心,Blank,野生动物救护中心,社会保障
49,张谦,深圳市,市公安局森林分局,Blank,公安森林分,公安
54,张陆,深圳市,深圳市交通运输行政执法支队,支队长,交通运输行政执法支队,交通运输
54,张陆,深圳市,深圳市交通工程质量监督站,站长,交通工程质量监督站,交通运输
54,张陆,深圳市,深圳市交通运输委员会建设管理处,处长,交通运输建设管理,住房
54,张陆,深圳市,龙岗交通运输局,局长,交通运输,交通运输
54,张陆,深圳市,财务审计处,处长,财务审计,审计
54,张陆,深圳市,深圳市交通运输局财务审计处,处长,交通运输财务审计,交通运输
46,徐志斌,深圳市,深圳市工业和信息化局,党组副局长,工业和信息化,工业和信息化
46,徐志斌,深圳市,深圳市综合法规处（审批服务处）,副局长,综合法规（审批服务）,司法
46,徐志斌,深圳市,电子信息处（工业运行监测处）,Blank,电子信息（工业运行监测）,工业和信息化
46,徐志斌,深圳市,无线电管理处（无线电管理办公室）,Blank,无线电管理（无线电管理）,机关
46,徐志斌,深圳市,无线电监测站,Blank,无线电监测站,Else
46,徐志斌,深圳市,信息中心,Blank,信息中心,Else
46,徐志斌,深圳市,深圳市经济贸易和信息化委员会,党组副主任,经济贸易和信息化,工业和信息化
46,徐志斌,深圳市,综合法规处,处长,综合法规,司法
46,徐志斌,深圳市,深圳市经贸信息委海洋经济处,处长,经贸信息委海洋经济,财政
46,徐志斌,深圳市,深圳市贸易工业局工业规划处,员工,贸易工业工业规划,工业和信息化
46,徐志斌,深圳市,深圳市对外贸易经济合作局对外经济合作处,副主任科员,对外贸易经济合作对外经济合作,财政
46,徐志斌,深圳市,新华社中国证券报社深圳管理总部,新闻采访业务员,新华社中国证券报社管理总部,机关
46,徐志斌,广东省,江广东证券上海投资银行部,实习生,江广东证券上海投资银行部,财政
46,徐志斌,深圳市,中国工商银行深圳分行,国际结算业务员,中国工商银行分行,银行
46,徐志斌,江西省,江西省对外经济贸易公司,进出口员工,江西省对外经济贸易公司,财政
55,徐忠平,深圳市,市交通运输局（市港务管理局）,党组成员;副局长,交通运输（港务管理）,交通运输
55,徐忠平,深圳市,综合规划处,Blank,综合规划,国有资产监督管理
55,徐忠平,深圳市,智慧交通处,Blank,智慧交通,交通运输
55,徐忠平,深圳市,市公共交通管理局（市小汽车定编办公室）,Blank,公共交通管理（小汽车定编）,交通运输
55,徐忠平,深圳市,龙岗管理局,Blank,管理,机关
55,徐忠平,深圳市,坪山管理局,Blank,管理,机关
55,徐忠平,深圳市,深圳市交通运输委员会（市港务管理局）,党组成员;副主任（副局长）,交通运输（港务管理）,交通运输
55,徐忠平,深圳市,市规划国土局地矿处,副处长;局办公室主任,规划国土地矿,国有资产监督管理
55,徐忠平,深圳市,市规划局,总师室主任,规划,国有资产监督管理
55,徐忠平,深圳市,市规划国土房产信息中心,主任,规划国土房产信息中心,住房
55,徐忠平,深圳市,市城市规划发展研究中心,主任,城规划发展研究中心,发展和改革委员会
55,徐忠平,深圳市,市规划国土发展研究中心,主任,规划国土发展研究中心,发展和改革委员会
56,徐鹏,深圳市,政策法规处（市国家司法考试办公室）,Blank,政策法规（国家司法考试）,司法
56,徐鹏,深圳市,基层管理处,Blank,基层管理,机关
56,徐鹏,深圳市,市法律援助处,Blank,法律援助,司法
56,徐鹏,深圳市,改革办公室,Blank,改革,发展和改革委员会
56,徐鹏,深圳市,公共法律服务三平台建设管理工作专班,Blank,公共法律服务三平台建设管理工作专班,司法
56,徐鹏,深圳市,南山区司法局,Blank,司法,司法
56,徐鹏,深圳市,蓝海现代法律发展中心,Blank,蓝海现代法律发展中心,发展和改革委员会
56,徐鹏,深圳市,深圳市司法局,副局长,司法,司法
56,徐鹏,深圳市,深圳市政府法制办法治协调处,处长,政府法制办法治协调,机关
54,文政,深圳市,深圳市财政局,党组成员;副局长,财政,财政
54,文政,深圳市,行政处,Blank,行政,机关
54,文政,深圳市,政法处,Blank,政法,司法
54,文政,深圳市,预算绩效管理处,Blank,预算绩效管理,财政
54,文政,深圳市,深圳市财政委员会,党组成员;副主任,财政,财政
54,文政,深圳市,龙华新区党工委（管委会）,委员;副主任,新党工委（管委会）,党
58,曾岳雄,深圳市,市交通运输局（市港务管理局）,党组成员;副局长,交通运输（港务管理）,交通运输
58,曾岳雄,深圳市,机关党委（人事处）,Blank,机关党委（人事）,人力资源
58,曾岳雄,深圳市,路政处,Blank,路政,Else
58,曾岳雄,深圳市,市交通公用设施管理处,Blank,交通公用设施管理,交通运输
58,曾岳雄,深圳市,罗湖管理局,Blank,罗湖管理,机关
58,曾岳雄,深圳市,盐田管理局,Blank,管理,机关
58,曾岳雄,深圳市,市综合交通运行指挥中心,Blank,综合交通运行指挥中心,交通运输
58,曾岳雄,深圳市,市交通信息咨询服务中心,Blank,交通信息咨询服务中心,交通运输
58,曾岳雄,深圳市,深圳市交通运输委员会（市港务管理局）,党组成员;副主任（副局长）,交通运输（港务管理）,交通运输
58,曾岳雄,深圳市,深圳警备区,营级干事,警备,部队
58,曾岳雄,深圳市,深圳市盐田区委（区政府）,办公室副主任,委（政府）,党
58,曾岳雄,深圳市,盐田区城市管理局,局长,城管理,机关
58,曾岳雄,深圳市,盐田区沙头角街道,党工委书记;办事处主任;区委委员,沙头角街道,机关
58,曾岳雄,深圳市,盐田区委,常委;区社会工作委员会主任,委,党
52,朱文芳,深圳市,深圳市住房和建设局,副巡视员,住房和建设,住房
52,朱文芳,深圳市,局办公室（审批综合处）,Blank,（审批综合）,Else
52,朱文芳,深圳市,物业监管处,Blank,物业监管,市场监督
52,朱文芳,深圳市,市物业专项维修资金管理中心,Blank,物业专项维修资金管理中心,机关
52,朱文芳,深圳市,深圳市住宅租赁管理中心,主任,住宅租赁管理中心,机关
52,朱文芳,深圳市,深圳市住房和建设局督查处,处长,住房和建设督查,住房
52,朱文芳,深圳市,组织人事处,处长,组织人事,人力资源
52,朱文芳,深圳市,机关党委（人事处）,处长,机关党委（人事）,人力资源
52,朱迪俭,深圳市,教育局,副局长;党组成员,教育,教育
52,朱迪俭,深圳市,市委教育工委,委员,委教育工委,教育
52,朱迪俭,深圳市,市委政法委员会,专职委员,委政法,司法
52,朱迪俭,深圳市,市委党校,副校长（副院长）校委委员;校机关党委书记,委党校,党
57,李卓,深圳市,深圳市人力资源和社会保障局,党组成员,人力资源和社会保障,人力资源
57,李卓,深圳市,市劳动人事争议仲裁院,Blank,劳动人事争议仲裁院,人力资源
57,李卓,深圳市,市劳动能力鉴定委员会办公室,Blank,劳动能力鉴定,党
57,李卓,深圳市,深圳市劳动人事争议仲裁院,院长,劳动人事争议仲裁院,人力资源
57,李卓,深圳市,深圳市劳动争议仲裁院,院长,劳动争议仲裁院,Else
50,李喻春,深圳市,伶仃福田国家级自然保护区管理局,副局长,伶仃国家级自然保护管理,机关
50,李喻春,深圳市,原市农业和渔业局海洋管理处,副处长;处长,原农业和渔业海洋管理,自然资源
50,李喻春,深圳市,市规划国土委（市海洋局）海洋管理处,处长,规划国土委（海洋）海洋管理,自然资源
50,李喻春,深圳市,市规划国土委（市海洋局）规划和资源管理处,处长,规划国土委（海洋）规划和资源管理,自然资源
50,李喻春,深圳市,海洋规划和资源管理处,Blank,海洋规划和资源管理,自然资源
50,李喻春,深圳市,海洋发展处,Blank,海洋发展,发展和改革委员会
50,李喻春,深圳市,渔业管理处,Blank,渔业管理,机关
50,李喻春,深圳市,市海洋综合执法,Blank,海洋综合执法,自然资源
50,李喻春,深圳市,市港澳流动渔民办,Blank,港澳流动渔民办,Else
50,李喻春,深圳市,大鹏管理局,Blank,大鹏管理,机关
50,李喻春,深圳市,市海洋监测预报中心（市海域使用动态监管中心、市海洋信息中心）、市渔业与水产技术推广总站,Blank,海洋监测预报中心（海域使用动态监管中心、海洋信息中心）、渔业与水产技术推广总站,科学技术
56,李福民,深圳市,市交通运输局（市港务管理局）,党组副书记,交通运输（港务管理）,交通运输
56,李福民,深圳市,市轨道交通建设指挥部,办公室主任,轨道交通建设指挥部,住房
56,李福民,深圳市,深圳市轨道交通建设指挥部,办公室主任（正局级）,轨道交通建设指挥部,住房
56,李福民,深圳市,深圳市交通运输委员会（市港务管理局）,副主任,交通运输（港务管理）,交通运输
56,李福民,深圳市,Blank,党组副书记书记,Blank,Else
56,李福民,深圳市,深圳市环保局办公室,副主任科员（文秘）,环保,生态环境
56,李福民,深圳市,市建筑工务署土地投资开发中心,主任,建筑工务署土地投资开发中心,财政
56,李福民,深圳市,市光明新区党工委（管委会）,副主任,光明新党工委（管委会）,党
58,李郑祥,深圳市,深圳市工业和信息化局,副巡视员,工业和信息化,工业和信息化
58,李郑祥,深圳市,深圳市信息化和软件服务业处,Blank,信息化和软件服务业,工业和信息化
58,李郑祥,深圳市,深圳市工业和信息化局信息化和软件服务业处,处长,工业和信息化信息化和软件服务业,工业和信息化
58,李郑祥,深圳市,深圳市经济贸易和信息化委员会信息化处,处长,经济贸易和信息化信息化,工业和信息化
58,李郑祥,深圳市,深圳市经济贸易和信息化委员会电子政务处,处长,经济贸易和信息化电子政务,工业和信息化
58,李郑祥,深圳市,深圳市科技工贸和信息化委员会信息安全处,处长,科技工贸和信息化信息安全,科学技术
58,李郑祥,深圳市,深圳市科技和信息局信息化推进处,处长,科技和信息信息化推进,科学技术
58,李郑祥,深圳市,深圳市信息化办公室应用推进处,处长,信息化应用推进,工业和信息化
58,李郑祥,深圳市,深圳市信息化办公室应用推进处,副处长,信息化应用推进,工业和信息化
58,李郑祥,深圳市,深圳市统计信息局信息规划处,副处长,统计信息信息规划,国有资产监督管理
58,李郑祥,深圳市,深圳市信息中心,工程师,信息中心,Else
58,李郑祥,郑州市,郑州轻工业学院,讲师,郑州轻工业学院,工业和信息化
58,李郑祥,湖北省,华中理工大学工业自动化专业,硕士研究生,华中理工大学工业自动化专业,工业和信息化
58,李郑祥,郑州市,郑州轻工业学院,助教,郑州轻工业学院,工业和信息化
57,杜斌,深圳市,市社保局,专职党委副书记,社保,社会保障
57,杜斌,深圳市,深圳市人力资源和社会保障局,党组成员,人力资源和社会保障,人力资源
57,杜斌,深圳市,局机关,党委书记;一级调研员,机关,机关
57,杜斌,深圳市,计划财务处;审计监督处,Blank,计划财务;审计监督,审计
57,杜斌,深圳市,市社保局,副局长,社保,社会保障
53,杨平,深圳市,市委教育工委,副书记,委教育工委,教育
53,杨平,深圳市,市教育局,党组成员,教育,教育
53,杨平,深圳市,职业技术学院,党委副书记;纪委书记,职业技术学院,科学技术
60,杨青,深圳市,市发展和改革局,副调研员;调研员,发展和改革,发展和改革委员会
60,杨青,深圳市,市轨道交通建设指挥部,办公室调研员;处长,轨道交通建设指挥部,住房
60,杨青,深圳市,市轨道交通建设指挥部,办公室副主任,轨道交通建设指挥部,住房
60,杨青,深圳市,轨道规划处;轨道运营监管处,Blank,轨道规划;轨道运营监管,国有资产监督管理
60,杨青,深圳市,市发展和改革局,副调研员;调研员,发展和改革,发展和改革委员会
60,杨青,深圳市,市轨道交通建设指挥部,办公室调研员;处长,轨道交通建设指挥部,住房
57,林翰章,深圳市,深圳市交通运输委员会（市港务管理局）,党组成员,交通运输（港务管理）,交通运输
57,林翰章,深圳市,局办公室,Blank,,Else
57,林翰章,深圳市,审批服务处（政策法规处）,Blank,审批服务（政策法规）,司法
57,林翰章,深圳市,机关党委（人事处）,Blank,机关党委（人事）,人力资源
57,林翰章,深圳市,局安委办,Blank,安委办,Else
57,林翰章,深圳市,局廉政监督委员会,Blank,廉政监督,市场监督
57,林翰章,深圳市,局工会,Blank,工会,社会保障
57,林翰章,深圳市,团委,Blank,团委,党
57,林翰章,深圳市,妇委会,Blank,妇委会,Else
57,林翰章,深圳市,深圳市水务局,党组成员;二级巡视员,水务,水利
57,林翰章,深圳市,深圳市环境保护局政策法规处,处长,环境保护政策法规,司法
57,林翰章,深圳市,深圳市环境保护局,办公室主任,环境保护,生态环境
57,林翰章,深圳市,局机关,党委副书记,机关,机关
57,林翰章,深圳市,局机关,纪委书记;党组成员,机关,机关
57,林翰章,深圳市,深圳市环境保护局,副局长;党组成员,环境保护,生态环境
57,林翰章,深圳市,深圳市人居环境委员会,党组成员;副主任,人居环境,生态环境
57,林翰章,深圳市,深圳市水务局,巡视员,水务,水利
49,梁永生,深圳市,深圳市科技创新委员会,主任,科技创新,科学技术
49,梁永生,深圳市,深圳信息职业技术学院,院长,信息职业技术学院,科学技术
49,梁永生,深圳市,深圳信息职业技术学院,副院长;信息技术研究所;所长,信息职业技术学院,科学技术
49,梁永生,深圳市,信息职业技术学院信息技术研究所,所长;软件工程系;主任,信息职业技术学院信息技术研究所,科学技术
49,梁永生,深圳市,信息职业技术学院,教师;信息技术研究所;副所长,信息职业技术学院,科学技术
49,梁永生,哈尔滨市,中国联通哈尔滨分公司互联网与电子商务部,经理;高级工程师,中国联通分公司互联网与电子商务部,商务
49,梁永生,哈尔滨市,哈尔滨工业大学信息与通信工程流动站,博士后,工业大学信息与通信工程流动站,工业和信息化
49,梁永生,哈尔滨市,中国联通哈尔滨分公司互联网与电子商务部,部长;工程师,中国联通分公司互联网与电子商务部,商务
49,梁永生,哈尔滨市,哈尔滨日达兴科技实业股份有限公司IT事业部,总经理,日达兴科技实业股份有限公司IT事业部,科学技术
49,梁永生,哈尔滨市,哈尔滨工业大学机械设计及理论专业,博士研究生,工业大学机械设计及理论专业,工业和信息化
49,梁永生,哈尔滨市,哈尔滨工业大学机械学系,硕士研究生,工业大学机械学系,工业和信息化
49,梁永生,哈尔滨市,哈尔滨塑料模具机械厂,助理工程师,塑料模具机械厂,Else
49,梁永生,陕西省,西北轻工业学院制造与设计专业,本科生,西北轻工业学院制造与设计专业,工业和信息化
60,梅爱民,深圳市,深圳市司法局,委员;党委巡视员,司法,司法
60,梅爱民,深圳市,计财装备处,Blank,计财装备,Else
60,梅爱民,深圳市,科技信息办公室,Blank,科技信息,科学技术
60,梅爱民,深圳市,新闻办公室,Blank,新闻,Else
60,梅爱民,深圳市,指挥中心,Blank,指挥中心,Else
60,梅爱民,深圳市,罗湖区司法局,Blank,罗湖司法,司法
60,梅爱民,深圳市,深圳市司法局,委员;党委巡视员,司法,司法
60,梅爱民,深圳市,深圳市市司法局,党委委员,司法,司法
60,梅爱民,深圳市,领导小组办公室（市普法领导小组办公室）,副主任,领导小组（普法领导小组）,Else
60,梅爱民,深圳市,深圳市人大常委会经济工作委员会,副主任,人大常委会经济工作,财政
58,沙新华,深圳市,深圳市科技创新委员会,副巡视员,科技创新,科学技术
58,沙新华,深圳市,高新技术处,Blank,高新技术,科学技术
58,沙新华,深圳市,区域创新和成果转化处,Blank,域创新和成果转化,Else
58,沙新华,深圳市,深圳市科技评审管理中心,Blank,科技评审管理中心,科学技术
58,沙新华,深圳市,深圳市国家自主创新示范区服务中心,Blank,国家自主创新示范服务中心,Else
58,沙新华,深圳市,深圳市科技创新委员会科技应用促进处,处长,科技创新科技应用促进,科学技术
58,沙新华,深圳市,深圳市科技创新委员会高新区管理处,处长,科技创新高新管理,科学技术
58,沙新华,深圳市,深圳市科技工贸和信息化委员会;高新区发展促进处,处长,科技工贸和信息化;高新发展促进,发展和改革委员会
58,沙新华,深圳市,深圳市高新办综合处,处长,高新办综合,科学技术
58,沙新华,天津市,天津大学;管理科学与工程,研究生博士,天津大学;管理科学与工程,科学技术
58,沙新华,深圳市,深圳市高新办计划财务处,副处长,高新办计划财务,科学技术
58,沙新华,长沙市,长城科技股份有限公司计划财务部,部长,长城科技股份有限公司计划财务部,科学技术
58,沙新华,深圳市,深圳国际展览中心计划财务部,副经理;经理;财务总监,国际展览中心计划财务部,Else
58,沙新华,吉林省,吉林工业大学管理学院,教师,吉林工业大学管理学院,工业和信息化
58,沙新华,吉林省,教研室,副主任,教研室,Else
58,沙新华,吉林省,吉林工业大学管理工程,研究生硕士,吉林工业大学管理工程,工业和信息化
58,沙新华,吉林省,吉林工业大学管理学院,教师,吉林工业大学管理学院,工业和信息化
58,沙新华,吉林省,吉林工业大学机械制造管理工程,本科学士,吉林工业大学机械制造管理工程,工业和信息化
57,温焕强,深圳市,深圳市财政局,党组成员,财政,财政
57,温焕强,深圳市,注册会计师行业,党委专职书记,注册会计师行业,财政
57,温焕强,深圳市,资产和非税收入管理处,Blank,资产和非税收入管理,机关
57,温焕强,深圳市,会计处,Blank,会计,财政
57,温焕强,深圳市,深圳市公物和财政票据管理中心,Blank,公物和财政票据管理中心,财政
57,温焕强,深圳市,深圳市会计学会,Blank,会计学会,财政
57,温焕强,深圳市,深圳市财政学会,Blank,财政学会,财政
57,温焕强,深圳市,深圳市预算与会计研究会,Blank,预算与会计研究会,财政
57,温焕强,深圳市,深圳市注册会计师协会,Blank,注册会计师协会,财政
57,温焕强,深圳市,深圳市资产评估协会,Blank,资产评估协会,Else
57,温焕强,深圳市,深圳会计进修学院,Blank,会计进修学院,财政
57,温焕强,深圳市,深圳市财政委员会,党组成员,财政,财政
57,温焕强,深圳市,机关,党委书记,机关,机关
57,温焕强,深圳市,深圳市财政委员会,副巡视员,财政,财政
57,温焕强,深圳市,深圳市财政局,副巡视员,财政,财政
56,王东,深圳市,市南山区人大常委办公室,副主任,人大常委,党
56,王东,深圳市,市南山区西丽街道,党工委书记;主任,西丽街道,机关
56,王东,深圳市,市南山区人大常委会,副主任;党组成员,人大常委会,党
56,王东,深圳市,区总工会,主席,总工会,社会保障
56,王东,深圳市,市南山区政府,副区长;党组成员,政府,机关
56,王东,深圳市,区总工会,主席,总工会,社会保障
56,王东,深圳市,市南山区政府,副区长;党组成员,政府,机关
56,王东,深圳市,计划财务处,Blank,计划财务,Else
56,王东,深圳市,市政交通处（市地下管线管理办公室）,Blank,政交通（地下管线管理）,交通运输
56,王东,深圳市,生态修复和地质环境处（市地面坍塌防治领导小组办公室）,Blank,生态修复和地质环境（地面坍塌防治领导小组）,生态环境
56,王东,深圳市,南山管理局,Blank,管理,机关
56,王东,深圳市,宝安管理局,Blank,管理,机关
56,王东,深圳市,市梧桐山风景管理处,Blank,梧桐山风景管理,机关
56,王东,深圳市,深圳大鹏半岛国家地质公园管理处,Blank,大鹏半岛国家地质公园管理,机关
56,王东,深圳市,广东内伶仃福田国家自然保护区管理局,Blank,广东内伶仃国家自然保护管理,机关
57,王伟雄,深圳市,深圳市生态环境局,巡视员,生态环境,生态环境
57,王伟雄,深圳市,办公室;市生态环境局福田分局,Blank,;生态环境分,生态环境
57,王伟雄,深圳市,深圳市人居环境委员会,党组成员;副主任,人居环境,生态环境
57,王伟雄,深圳市,深圳市坪山新区,党工委委员,新,Else
57,王伟雄,深圳市,综合办公室,主任,综合,Else
57,王伟雄,深圳市,深圳市坪山新区经济服务,局长,新经济服务,财政
57,王伟雄,深圳市,深圳市大工业区管委会,办公室主任,大工业管委会,工业和信息化
57,王伟雄,深圳市,深圳市大工业区管委会建设处,处长,大工业管委会建设,工业和信息化
57,王伟雄,深圳市,深圳市大工业区管委会招商处,处长,大工业管委会招商,工业和信息化
57,王伟雄,深圳市,深圳市龙岗大工业区管委会招商处,副处长,大工业管委会招商,工业和信息化
57,王伟雄,深圳市,深圳市福田保税区经济发展总公司,总经理助理;党委委员,保税经济发展总公司,发展和改革委员会
57,王伟雄,深圳市,国资办,副主任,国资办,国有资产监督管理
57,王伟雄,深圳市,深圳市福田区梅林街道办,经济办主任;党委委员,梅林街道办,机关
57,王伟雄,深圳市,深圳市环境保护局规划处,副主任科员,环境保护规划,生态环境
57,王伟雄,深圳市,深圳市环境保护局,科员,环境保护,生态环境
57,王伟雄,广东省,中山大学自然地理专业,学生,中山大学自然地理专业,高等院校
55,王幼鹏,深圳市,市规划与国土资源局南山分局,局长,规划与国土资源分,国有资产监督管理
55,王幼鹏,深圳市,市规划局滨海分局,局长,规划滨海分,国有资产监督管理
55,王幼鹏,深圳市,市规划局,副局长;党组成员,规划,国有资产监督管理
55,王幼鹏,深圳市,市规划和国土资源委员会,副主任;党组成员,规划和国土资源,国有资产监督管理
55,王幼鹏,深圳市,中共深圳市龙岗区,区委常委;副区长;常务副区长,中共,党
55,王幼鹏,深圳市,市人民政府,副秘书长（正局级）,人民政府,民政
56,王水发,深圳市,教育局,副局长;党组成员,教育,教育
56,王水发,深圳市,市委教育工委,委员,委教育工委,教育
57,王爱朝,深圳市,深圳市土地投资开发中心,总工程师,土地投资开发中心,财政
57,王爱朝,深圳市,市建筑工务署土地开发中心,总工程师,建筑工务署土地开发中心,住房
57,王爱朝,深圳市,光明新区建筑工务和土地开发中心,主任,光明新建筑工务和土地开发中心,住房
57,王爱朝,深圳市,光明新区土地整备中心,主任,光明新土地整备中心,Else
57,王爱朝,深圳市,前海管理局规划建设处,处长,前海管理规划建设,住房
50,王策飞,深圳市,罗湖区重建局,局长,罗湖重建,Else
50,王策飞,深圳市,罗湖区城市更新局,局长,罗湖城更新,Else
50,王策飞,深圳市,市城市更新局,局长,城更新,Else
50,王策飞,深圳市,自然资源调查监测和确权登记处,Blank,自然资源调查监测和确权登记,自然资源
50,王策飞,深圳市,自然资源所有者权益处,Blank,自然资源所有者权益,自然资源
50,王策飞,深圳市,自然资源开发利用处,Blank,自然资源开发利用,自然资源
50,王策飞,深圳市,国土空间用途管制和耕地保护处,Blank,国土空间用途管制和耕地保护,国有资产监督管理
50,王策飞,深圳市,罗湖管理局,Blank,罗湖管理,机关
50,王策飞,深圳市,市土地房产交易中心（市矿业权交易中心）,Blank,土地房产交易中心（矿业权交易中心）,住房
50,王策飞,深圳市,市房地产评估中心（市地质环境监测中心）,Blank,房地产评估中心（地质环境监测中心）,生态环境
50,皮勇华,深圳市,龙岗区布吉镇,党委委员,布吉镇,Else
50,皮勇华,深圳市,布吉街道,党工委委员,布吉街道,机关
50,皮勇华,深圳市,坂田街道,党工委组织宣传委员,坂田街道,机关
50,皮勇华,深圳市,宣传部,部长,宣传部,Else
50,皮勇华,深圳市,组织部,部长,组织部,人力资源
50,皮勇华,深圳市,总工会,主席,总工会,社会保障
50,皮勇华,深圳市,龙岗区总工会,常务副主席,总工会,社会保障
50,皮勇华,深圳市,龙岗区人力资源局,局长,人力资源,人力资源
50,皮勇华,深圳市,直属机关,党委书记,直属机关,机关
50,皮勇华,深圳市,龙岗区委组织部,副部长,委组织部,人力资源
50,皮勇华,深圳市,龙岗区坂田街道,党工委书记,坂田街道,机关
50,皮勇华,深圳市,养老服务和儿童福利处,Blank,养老服务和儿童福利,社会保障
50,皮勇华,深圳市,机关党委（人事处）,Blank,机关党委（人事）,人力资源
50,皮勇华,深圳市,市养老护理院,Blank,养老护理院,Else
50,皮勇华,深圳市,分管领域和分管部门单位,Blank,分管领域和分管部门单位,Else
50,皮勇华,深圳市,老龄服务事业产业联合会,Blank,老龄服务事业产业联合会,Else
50,皮勇华,深圳市,市老龄事业发展基金会,Blank,老龄事业发展基金会,发展和改革委员会
50,皮勇华,深圳市,市社会福利协会,Blank,社会福利协会,社会保障
50,皮勇华,深圳市,市社会福利基金会,Blank,社会福利基金会,社会保障
51,聂新平,深圳市,发展和改革委员会,党组书记;主任,发展和改革,发展和改革委员会
51,聂新平,深圳市,发展和改革委员会,党组书记;主任,发展和改革,发展和改革委员会
51,聂新平,深圳市,人民政府,区长党组书记;纪委委员,人民政府,民政
51,聂新平,深圳市,罗湖区委副书记,区长;党组书记,罗湖委副书记,党
51,聂新平,深圳市,区人民政府,第六届市纪委委员,人民政府,民政
51,聂新平,深圳市,罗湖区委,副书记,罗湖委,党
51,聂新平,深圳市,区人民政府,党组书记,人民政府,民政
51,聂新平,深圳市,人民政府办公厅,主任;党组副书记,人民政府办公厅,民政
51,聂新平,深圳市,人民政府办公厅,副主任;党组成员,人民政府办公厅,民政
51,聂新平,深圳市,人民政府办公厅综合处,处长,人民政府办公厅综合,民政
51,聂新平,深圳市,人民政府办公厅社会处,副处长;综合处副处长,人民政府办公厅社会,民政
51,聂新平,深圳市,人民政府办公厅综合处,主任;科员,人民政府办公厅综合,民政
51,聂新平,深圳市,人民政府办公厅总值班室干部,副主任科员;综合处副主任科员,人民政府办公厅总值班室,民政
51,聂新平,深圳市,中信集团中大投资管理有限公司,干部,中信集团中大投资管理有限公司,财政
51,聂新平,深圳市,招商银行证券业务部,干部,招商银行证券业务部,银行
51,聂新平,深圳市,通广—北电有限公司生产部,主管,通广—北电有限公司生产部,Else
51,聂新平,北京市,经济管理系国民经济管理专业,学习生,经济管理系国民经济管理专业,财政
57,肖民,深圳市,住房和建设局党,党组成员;巡视员,住房和建设党,住房
57,肖民,深圳市,政策法规处,Blank,政策法规,司法
57,肖民,深圳市,燃气发展与市政管廊处（市燃气管道安全管理办公室）,Blank,燃气发展与政管廊（燃气管道安全管理）,发展和改革委员会
57,肖民,深圳市,市建设工程造价管理站,Blank,建设工程造价管理站,住房
57,肖民,深圳市,铁道部第三勘察设计院,副总工程师,铁道部第三勘察设计院,Else
57,肖民,深圳市,深圳市地铁集团有限公司,总工程师;董事;总经理;党委副书记,地铁集团有限公司,Else
53,胡卫东,深圳市,深圳市财政局,党组成员,财政,财政
53,胡卫东,深圳市,Blank,副局长,Blank,Else
53,胡卫东,深圳市,法规税政处,Blank,法规税政,司法
53,胡卫东,深圳市,资源环境处,Blank,资源环境,生态环境
53,胡卫东,深圳市,社会保障处,Blank,社会保障,社会保障
53,胡卫东,深圳市,深圳市统计局,党组成员;副局长,统计,统计
53,胡卫东,深圳市,机关,党委书记,机关,机关
53,胡卫东,深圳市,深圳市统计局,党组成员;副局长,统计,统计
53,胡卫东,深圳市,深圳市统计局,党组成员;总统计师,统计,统计
57,胡晓清,深圳市,深圳市工业和信息化局,党组副局长,工业和信息化,工业和信息化
57,胡晓清,深圳市,新兴产业处,副局长,新兴产业,Else
57,胡晓清,深圳市,资源综合利用和电力处,Blank,资源综合利用和电力,Else
57,胡晓清,深圳市,机关党委（人事处）,Blank,机关党委（人事）,人力资源
57,胡晓清,深圳市,深圳市经济贸易和信息化委员会,党组副主任,经济贸易和信息化,工业和信息化
57,胡晓清,深圳市,中共深圳市龙华新区工作委员会,委员,中共新工作,党
57,胡晓清,深圳市,深圳市龙华新区管理委员会,副主任,新管理,党
57,胡晓清,深圳市,深圳市科技工贸和信息化委员会秘书处,处长;机关党委副书记;纪委书记,科技工贸和信息化秘书,科学技术
57,胡晓清,深圳市,深圳市贸工局办公室,处长;纪委委员;工会副主席,贸工,财政
57,胡晓清,深圳市,深圳市贸工局计划财务处,处长;纪委委员;工会副主席,贸工计划财务,财政
57,胡晓清,深圳市,深圳市贸工局外商投资管理处,处长;纪委委员;工会副主席,贸工外商投资管理,财政
57,胡晓清,深圳市,深圳市贸工局外商投资管理处,副处长（正处级）纪委委员,贸工外商投资管理,财政
57,胡晓清,深圳市,深圳市外经贸局外资审批处,处长,外经贸外资审批,财政
57,胡晓清,深圳市,深圳市外经贸局外资审批处,副处长,外经贸外资审批,财政
57,胡晓清,深圳市,深圳市投资促进中心,科员,投资促进中心,财政
57,胡晓清,深圳市,深圳市外资服务中心,科员,外资服务中心,Else
57,胡晓清,深圳市,深圳市信息中心,科员,信息中心,Else
55,艾传荣,深圳市,发展和改革委员会,副巡视员,发展和改革,发展和改革委员会
55,艾传荣,深圳市,重大项目办公室（设在市发改委）,副主任,重大项目（设在发改委）,发展和改革委员会
55,艾传荣,深圳市,发展和改革委员会发展规划处,处长,发展和改革发展规划,发展和改革委员会
55,艾传荣,深圳市,发展和改革委员会城市发展处,处长,发展和改革城发展,发展和改革委员会
58,苏剑,深圳市,深圳市交通运输局（市港务管理局）,副巡视员,交通运输（港务管理）,交通运输
58,苏剑,深圳市,市公路局政工人事处,处长,公路政工人事,人力资源
58,苏剑,深圳市,深圳市交通运输委员会光明交通局,局长,交通运输光明交通,交通运输
58,苏剑,深圳市,西部交通局,局长,西部交通,交通运输
58,苏剑,深圳市,深圳市交通运输委员会政工人事处,处长,交通运输政工人事,人力资源
58,苏剑,深圳市,深圳市交通运输局机关,党委（人事处）处长,交通运输机关,交通运输
50,蒋小文,深圳市,深圳市司法局,党委副书记;副局长,司法,司法
50,蒋小文,深圳市,社会法规处,Blank,社会法规,司法
50,蒋小文,深圳市,环资法规处,Blank,环资法规,司法
50,蒋小文,深圳市,经济法规处,Blank,经济法规,司法
50,蒋小文,深圳市,法律事务处,Blank,法律事务,司法
50,蒋小文,深圳市,文件审查处,Blank,文件审查,Else
50,蒋小文,深圳市,宣传教育处,Blank,宣传教育,教育
50,蒋小文,深圳市,新闻办公室,Blank,新闻,Else
50,蒋小文,深圳市,盐田区司法局,Blank,司法,司法
50,蒋小文,深圳市,龙岗区司法局,Blank,司法,司法
50,蒋小文,深圳市,深圳市政府法制办公室（市法律顾问室）,副主任;党组成员,政府法制（法律顾问室）,司法
50,蒋小文,深圳市,深圳市中级人民法院,党组成员,中级人民法院,司法
50,蒋小文,深圳市,政治部,副处长,政治部,党
50,蒋小文,深圳市,Blank,主任,Blank,Else
56,蒋溪林,深圳市,深圳市司法局,党委书记;局长,司法,司法
56,蒋溪林,深圳市,福田区司法局,Blank,司法,司法
56,蒋溪林,深圳市,深圳市司法局,党委书记;局长,司法,司法
56,蒋溪林,深圳市,深圳市中级人民法院,党组成员,中级人民法院,司法
56,蒋溪林,深圳市,政治部,副处长,政治部,党
56,蒋溪林,深圳市,Blank,处长,Blank,Else
56,蒋溪林,深圳市,Blank,处长,Blank,Else
56,蒋溪林,深圳市,Blank,主任,Blank,Else
55,蔡茂洲,深圳市,教育局,主任督学,教育,教育
54,薛峰,深圳市,深圳市住房和建设局,副局长;党组成员,住房和建设,住房
54,薛峰,深圳市,规划与建设处,Blank,规划与建设,住房
54,薛峰,深圳市,房地产业处,Blank,房地产业,住房
54,薛峰,深圳市,重点项目建设处,Blank,重点项目建设,住房
54,薛峰,深圳市,市住房公积金管理中心,Blank,住房公积金管理中心,住房
54,薛峰,深圳市,市房地产,Blank,房地产,住房
54,薛峰,深圳市,城市建设发展研究中心,Blank,城建设发展研究中心,发展和改革委员会
54,薛峰,深圳市,市规划与国土资源局规划处,处长,规划与国土资源规划,国有资产监督管理
54,薛峰,深圳市,市规划局规划处,处长,规划规划,国有资产监督管理
54,薛峰,深圳市,总师室,主任,总师室,Else
54,薛峰,深圳市,市规划局,副局长,规划,国有资产监督管理
54,薛峰,深圳市,市规划和国土资源委员会,副主任,规划和国土资源,国有资产监督管理
52,裘颖颖,深圳市,深圳市住房和建设局,党组成员,住房和建设,住房
52,裘颖颖,深圳市,市住房保障署,署长,住房保障署,住房
52,裘颖颖,深圳市,住房改革与发展处,Blank,住房改革与发展,发展和改革委员会
52,裘颖颖,深圳市,市住房保障署,Blank,住房保障署,住房
52,裘颖颖,深圳市,深圳市住房和建设局住房保障处,处长,住房和建设住房保障,住房
52,裘颖颖,深圳市,规划与建设处,处长,规划与建设,住房
52,裘颖颖,深圳市,市住房保障署,副署长,住房保障署,住房
56,詹有力,深圳市,原市规划国土局市中外房地产导报社,副社长,原规划国土中外房地产导报社,住房
56,詹有力,深圳市,原市房地产估价中心,副主任,原房地产估价中心,住房
56,詹有力,深圳市,市土地储备中心,副主任,土地储备中心,粮食物资储备
56,詹有力,深圳市,原市国土资源和房产管理局办公室,副调研员,原国土资源和房产管理,住房
56,詹有力,深圳市,市规划和国土资源委员会（市海洋局）秘书处,副调研员;调研员,规划和国土资源（海洋）秘书,自然资源
56,詹有力,深圳市,市规划和国土资源委员会（市海洋局）,处长,规划和国土资源（海洋）,自然资源
56,詹有力,深圳市,政策法规处（审批综合处）,Blank,政策法规（审批综合）,司法
56,詹有力,深圳市,空间信息管理处（市多规合一工作办公室）,Blank,空间信息管理（多规合一工作）,机关
56,詹有力,深圳市,福田管理局,Blank,管理,机关
56,詹有力,深圳市,市规划国土房产信息中心（市空间地理信息中心）,Blank,规划国土房产信息中心（空间地理信息中心）,住房
56,詹有力,深圳市,市不动产登记中心,Blank,不动产登记中心,Else
56,詹有力,深圳市,市数字城市工程研究中心秘书,Blank,数字城工程研究中心秘书,Else
58,许少英,深圳市,深圳市人力资源和社会保障局,党组成员;副局长,人力资源和社会保障,人力资源
58,许少英,深圳市,深圳市人力资源和社会保障局,二级巡视员,人力资源和社会保障,人力资源
58,许少英,深圳市,政策法规处,Blank,政策法规,司法
58,许少英,深圳市,就业促进与失业保险处,Blank,就业促进与失业保险,社会保障
58,许少英,深圳市,市公共就业服务中心,Blank,公共就业服务中心,Else
58,许少英,深圳市,深圳市劳动和社会保障局,党组成员;副局长,劳动和社会保障,社会保障
58,许少英,深圳市,深圳市劳动局,党组成员;副局长,劳动,Else
49,许建领,深圳市,教育局,副局长;党组成员,教育,教育
49,许建领,深圳市,市委教育工委,委员,委教育工委,教育
60,许露露,深圳市,深圳市生态环境局,党组成员,生态环境,生态环境
60,许露露,深圳市,深圳市人居环境委员会,党组成员,人居环境,生态环境
60,许露露,深圳市,深圳市人居环境委员会,党组成员,人居环境,生态环境
60,许露露,深圳市,机关,党委专职书记,机关,机关
60,许露露,深圳市,深圳市人居环境委员会人事处,处长,人居环境人事,人力资源
60,许露露,深圳市,深圳市环保局,员工,环保,生态环境
60,许露露,深圳市,深圳市怡乐股份有限公司办公室,副主任,怡乐股份有限公司,Else
60,许露露,深圳市,部队,兵人,部队,部队
51,谷云宏,深圳市,深圳市人力资源和社会保障局,党组成员;副局长,人力资源和社会保障,人力资源
51,谷云宏,深圳市,安全生产工作,Blank,安全生产工作,Else
51,谷云宏,深圳市,分管局办公室,Blank,分管,Else
51,谷云宏,深圳市,人才开发合作处,Blank,人才开发合作,Else
51,谷云宏,深圳市,人力资源市场处,Blank,人力资源场,人力资源
51,谷云宏,深圳市,专业技术人员管理处,Blank,专业技术人员管理,科学技术
51,谷云宏,深圳市,事业单位人事管理处,Blank,事业单位人事管理,人力资源
51,谷云宏,深圳市,工资福利处,Blank,工资福利,社会保障
51,谷云宏,深圳市,人事处,Blank,人事,人力资源
51,谷云宏,深圳市,市人事人才公共服务中心,Blank,人事人才公共服务中心,人力资源
51,谷云宏,深圳市,市公安局,党委委员,公安,公安
51,谷云宏,深圳市,政治部,主任,政治部,党
51,谷云宏,深圳市,市委组织部干部一处,处长,委组织部一,人力资源
51,谷云宏,深圳市,市委组织部干部一处（干部培训处）,处长,委组织部一（培训）,人力资源
51,谷云宏,深圳市,深圳市委组织部干部一处,副处长,委组织部一,人力资源
52,贾丽巍,深圳市,建设管理处,Blank,建设管理,住房
52,贾丽巍,深圳市,龙华管理局,Blank,管理,机关
52,贾丽巍,深圳市,大鹏管理局,Blank,大鹏管理,机关
52,贾丽巍,深圳市,市交通公用设施建设中心,Blank,交通公用设施建设中心,住房
52,贾丽巍,深圳市,市交通工程质量监督站（市交通工程造价管理站、市交通工程施工安全监督站）,Blank,交通工程质量监督站（交通工程造价管理站、交通工程施工安全监督站）,交通运输
52,贾丽巍,深圳市,深圳市交通运输委员会（市港务管理局）,党组成员;副主任（副局长）,交通运输（港务管理）,交通运输
52,贾丽巍,深圳市,市交通运输局（市港务管理局）,党组成员;副局长,交通运输（港务管理）,交通运输
52,贾丽巍,深圳市,深圳市交通局规划建设处,副处长,交通规划建设,住房
52,贾丽巍,深圳市,河源市和平县政府,副县长,河源和平县政府,机关
52,贾丽巍,深圳市,和平县,委常委;县委办主任,和平县,Else
52,贾丽巍,深圳市,河源市委组织部,副部长;非公有制经济组织和社会组织党工委书记,河源委组织部,人力资源
52,贾丽巍,深圳市,河源市委组织部,空港处调研员;处长,河源委组织部,人力资源
52,贾丽巍,深圳市,深圳市交通运输委员会空港处,局长,交通运输空港,交通运输
52,贾丽巍,深圳市,光明交通运输局,Blank,光明交通运输,交通运输
57,贾兴东,深圳市,深圳市工业和信息化局党组,书记;局长,工业和信息化党组,工业和信息化
57,贾兴东,深圳市,深圳市经济贸易和信息化委员会,党组书记,经济贸易和信息化,工业和信息化
57,贾兴东,深圳市,深圳市职业技术学院,校长;党委副书记,职业技术学院,科学技术
57,贾兴东,深圳市,深圳市经济贸易和信息化委员会,副主任;党组成员,经济贸易和信息化,工业和信息化
57,贾兴东,深圳市,深圳市科技工贸和信息化委员会,副主任;党组成员,科技工贸和信息化,科学技术
57,贾兴东,深圳市,深圳市科技和信息局,副局长;党组成员,科技和信息,科学技术
57,贾兴东,深圳市,深圳市信息化办公室,副主任;党组成员,信息化,工业和信息化
57,贾兴东,深圳市,中国(深圳)综合开发研究院,教授;主任研究员,中国()综合开发研究院,Else
57,贾兴东,香港,香港城市大学电子工程系和创意媒体学院,高级研究员,香港城大学电子工程系和创意媒体学院,高等院校
57,贾兴东,西安市,西安交通大学,助教;讲师;副教授,西安交通大学,交通运输
52,贾长胜,深圳市,深圳市工业和信息化局党组,成员,工业和信息化党组,工业和信息化
52,贾长胜,深圳市,深圳市中小企业服务局,局长,中小企业服务,Else
52,贾长胜,深圳市,深圳市投资推广署,副署长;党总支副书记,投资推广署,财政
52,贾长胜,深圳市,深圳市投资推广署,副署长,投资推广署,财政
52,贾长胜,深圳市,直属机关,党支部副书记,直属机关,机关
52,贾长胜,深圳市,深圳市龙岗区经济促进局,局长,经济促进,财政
52,贾长胜,深圳市,直属机关,党委书记,直属机关,机关
52,贾长胜,深圳市,深圳市龙岗区经济促进局,局长,经济促进,财政
52,贾长胜,深圳市,深圳市科技工贸和信息化委员会政策法规处,处长,科技工贸和信息化政策法规,科学技术
52,贾长胜,深圳市,深圳市高新办投资促进处,副处长;处长,高新办投资促进,科学技术
52,贾长胜,深圳市,深圳市高新办招商处,主任科员,高新办招商,科学技术
52,贾长胜,深圳市,深港产学研基地产业部,项目经理,深港产学研基地产业部,Else
52,贾长胜,深圳市,深圳市安君安全技术有限公司,副总经理,安君安全技术有限公司,科学技术
52,贾长胜,深圳市,深圳市阳光股份有限公司投资部,总经理;副总裁,阳光股份有限公司投资部,财政
52,贾长胜,深圳市,深圳市科技工业园总公司房产部,项目经理,科技工业园总公司房产部,科学技术
50,赵忠良,深圳市,深圳市财政局,党组成员;副局长,财政,财政
50,赵忠良,深圳市,机关党委（人事处）,Blank,机关党委（人事）,人力资源
50,赵忠良,深圳市,教科文处,Blank,教科文,教育
50,赵忠良,深圳市,工贸金融处,Blank,工贸金融,财政
50,赵忠良,深圳市,深圳市财政信息中心,Blank,财政信息中心,财政
50,赵忠良,深圳市,深圳市财政金融服务中心,Blank,财政金融服务中心,财政
50,赵忠良,深圳市,深圳市人力资源和社会保障局,党组成员;副局长,人力资源和社会保障,人力资源
50,赵忠良,深圳市,深圳市审计局经济责任审计专业局,局长,审计经济责任审计专业,财政
52,赵立,深圳市,教育局,副局长;党组成员,教育,教育
52,赵立,深圳市,市委教育工委,委员,委教育工委,教育
48,邓晓俊,深圳市,深圳市科技创新委员会,党组副主任,科技创新,科学技术
48,邓晓俊,深圳市,深圳市外国专家局,局长,外国专家,科学技术
48,邓晓俊,深圳市,政策法规处（审批综合处）,Blank,政策法规（审批综合）,司法
48,邓晓俊,深圳市,外国专家和科技人才服务处,Blank,外国专家和科技人才服务,科学技术
48,邓晓俊,深圳市,深圳市外国专家局,局长,外国专家,科学技术
48,邓晓俊,深圳市,深圳市人力资源和社会保障局政策法规处,处长,人力资源和社会保障政策法规,司法
48,邓晓俊,深圳市,深圳市人力资源和社会保障局政策法规处）,副处长,人力资源和社会保障政策法规）,司法
48,邓晓俊,深圳市,深圳市人事局办公室（机关党委办公室）,副主任,人事（机关党委）,人力资源
48,邓晓俊,深圳市,深圳市人事局（编办）政策法规处（市人事人才研究室）,副处长（副主任）,人事（编办）政策法规（人事人才研究室）,司法
48,邓晓俊,深圳市,深圳市人事局公务员与职员管理处,主任科员,人事公务员与职员管理,人力资源
48,邓晓俊,深圳市,深圳市人事局政策法规处,主任科员,人事政策法规,司法
48,邓晓俊,深圳市,深圳市人事局政策法规处,副主任科员,人事政策法规,司法
48,邓晓俊,深圳市,深圳市人才交流服务中心,副主任科员,人才交流服务中心,Else
48,邓晓俊,深圳市,深圳市人才交流服务中心,科员,人才交流服务中心,Else
48,邓晓俊,武汉省,武汉大学国际法学专业,硕士研究生,武汉大学国际法学专业,高等院校
48,邓晓俊,武汉省,武汉大学国际法专业,本科生,武汉大学国际法专业,高等院校
59,邱宣,深圳市,深圳市科技创新委员会,副主任;党组书记,科技创新,科学技术
59,邱宣,深圳市,深圳市科技创新委员会,副主任;党组成员,科技创新,科学技术
59,邱宣,深圳市,深圳市科技工贸和信息化委员会,副主任、党组成员,科技工贸和信息化,科学技术
59,邱宣,深圳市,深圳市高新办,副主任、党组成员,高新办,科学技术
59,邱宣,深圳市,深圳虚拟大学园管理服务中心,主任,虚拟大学园管理服务中心,高等院校
59,邱宣,吉林省,吉林大学东北亚研究院人口资源与环境经济学专业,博士研究生,吉林大学东北亚研究院人口资源与环境经济学专业,财政
59,邱宣,深圳市,深圳虚拟大学园深圳虚拟大学园管理服务中心,副主任,虚拟大学园虚拟大学园管理服务中心,高等院校
59,邱宣,吉林省,吉林大学东北亚研究院世界经济专业,研究生,吉林大学东北亚研究院世界经济专业,财政
59,邱宣,深圳市,深圳虚拟大学管理服务中心,主任助理,虚拟大学管理服务中心,高等院校
59,邱宣,深圳市,高新区服务中心,办公室主任,高新服务中心,科学技术
59,邱宣,深圳市,深圳通海生物工程公司,副总经理;高级工程师,通海生物工程公司,Else
59,邱宣,深圳市,深圳市国际生物工程有限公司,董事长助理,国际生物工程有限公司,Else
59,邱宣,广西省,广西师范大学化学系,讲师,广西师范大学化学系,高等院校
59,邱宣,北京市,北京大学生物化学系,进修硕士研究生,北京大学生物化学系,高等院校
59,邱宣,广西省,广西师范大学化学系,助教,广西师范大学化学系,高等院校
59,邱宣,广西省,广西师范大学化学系,本科学生,广西师范大学化学系,高等院校
59,郑小霞,深圳市,市民政局办公室,助理调研员,民政,民政
59,郑小霞,深圳市,财务审计处,副处长,财务审计,审计
59,郑小霞,深圳市,政工人事处,处长,政工人事,人力资源
59,郑小霞,深圳市,社会福利和社会事务处,处长,社会福利和社会事务,社会保障
59,郑小霞,深圳市,市社会福利中心,Blank,社会福利中心,社会保障
59,郑小霞,深圳市,分管领域和分管部门单位,Blank,分管领域和分管部门单位,Else
57,郑晓生汉,北京市,工程质量安全处,Blank,工程质量安全,Else
57,郑晓生汉,北京市,建筑市场与招标投标监管处,Blank,建筑场与招标投标监管,住房
57,郑晓生汉,北京市,市建筑工程质量安全监督总站,Blank,建筑工程质量安全监督总站,住房
57,郑晓生汉,北京市,市市政工程质量安全监督总站,Blank,政工程质量安全监督总站,市场监督
57,郑晓生汉,北京市,市建设工程交易服务中心,Blank,建设工程交易服务中心,住房
57,郑晓生汉,深圳市,深圳市建筑工程质量安全监督总站,站长,建筑工程质量安全监督总站,住房
57,郑晓生汉,深圳市,深圳市住房和建设局工程招标投标监管处,处长,住房和建设工程招标投标监管,住房
57,郑晓生汉,深圳市,工程质量安全处,处长,工程质量安全,Else
57,郑晓生汉,深圳市,深圳市住房和建设局,副局长;党组成员,住房和建设,住房
54,郑铁军,深圳市,深圳市财政局,党组成员,财政,财政
54,郑铁军,深圳市,市投资评审中心,中心主任,投资评审中心,财政
54,郑铁军,深圳市,市财政投资评审中心,Blank,财政投资评审中心,财政
54,郑雷,深圳市,深圳市司法局,党委委员,司法,司法
54,郑雷,深圳市,政治部,主任,政治部,党
54,郑雷,深圳市,机关,Blank,机关,机关
54,郑雷,深圳市,机关工会,Blank,机关工会,社会保障
54,郑雷,深圳市,团委,Blank,团委,党
54,郑雷,深圳市,妇委会,Blank,妇委会,Else
54,郑雷,深圳市,帮扶办公室和基层管理处,Blank,帮扶和基层管理,机关
54,郑雷,深圳市,龙华区司法局,Blank,司法,司法
54,郑雷,深圳市,光明区政法办,Blank,光明政法办,司法
54,郑雷,深圳市,深圳市盐田区沙头角街道,党工委书记,沙头角街道,机关
54,郑雷,深圳市,深圳市盐田区沙头角街道,党工委书记,沙头角街道,机关
54,郑雷,深圳市,办事处,主任,办事,Else
56,郭建,深圳市,深圳市委组织部老干处,副处长,委组织部老干,人力资源
56,郭建,深圳市,组织处,处长,组织,Else
56,郭建,深圳市,组织一处,主任,组织一,Else
56,郭建,深圳市,组织二处,调研员,组织二,Else
56,郭建,深圳市,机关,调研员,机关,机关
56,郭建,深圳市,Blank,党委副书记,Blank,Else
56,郭建,深圳市,分管领域和分管部门单位,Blank,分管领域和分管部门单位,Else
42,郭跃华,深圳市,发展和改革委员会,党组成员;副主任,发展和改革,发展和改革委员会
42,郭跃华,深圳市,发展和改革委员会综合处,处长,发展和改革综合,发展和改革委员会
42,郭跃华,深圳市,发展和改革委员会服务业处,处长,发展和改革服务业,发展和改革委员会
42,郭跃华,深圳市,龙岗区委员会,书记,,党
42,郭跃华,深圳市,青年联合会,主席,青年联合会,Else
42,郭跃华,深圳市,政府办公厅综合处,副处长,政府办公厅综合,机关
42,郭跃华,深圳市,政府办公厅综合处,主任科员,政府办公厅综合,机关
49,郭驰,深圳市,深圳市财政局,党组成员;副局长,财政,财政
49,郭驰,深圳市,分管办公室（审批综合处）,Blank,分管（审批综合）,Else
49,郭驰,深圳市,经济建设处,Blank,经济建设,财政
49,郭驰,深圳市,财政监督处,Blank,财政监督,财政
49,郭驰,深圳市,政府采购监督管理办公室,Blank,政府采购监督管理,市场监督
49,郭驰,深圳市,深圳市财政委员会,党组成员;副主任,财政,财政
58,钟伟民,深圳市,深圳市交通运输局（市港务管理局）,党组成员;巡视员,交通运输（港务管理）,交通运输
58,钟伟民,深圳市,局规划计划处,Blank,规划计划,国有资产监督管理
58,钟伟民,深圳市,河湖工作处,Blank,河湖工作,水利
58,钟伟民,深圳市,水旱灾害防御处,Blank,水旱灾害防御,Else
58,钟伟民,深圳市,市水文水质中心,Blank,水文水质中心,水利
58,钟伟民,深圳市,河道管理中心,Blank,河道管理中心,机关
58,钟伟民,深圳市,铁岗·石岩水库管理处,Blank,铁岗·石岩水库管理,机关
58,钟伟民,深圳市,公明供水调蓄工程管理处,Blank,公明供水调蓄工程管理,机关
58,钟伟民,深圳市,茅洲河流域下沉督办协调组,Blank,茅洲河流域下沉督办协调组,Else
58,钟伟民,深圳市,深圳市交通运输委员会（市港务管理局）,党组成员,交通运输（港务管理）,交通运输
58,钟伟民,深圳市,深圳市水务局,党组成员;副局长,水务,水利
58,钟伟民,深圳市,深圳市水务局供水管理处,处长,水务供水管理,水利
58,钟伟民,深圳市,深圳市水务局,局长助理,水务,水利
58,钟伟民,深圳市,深圳市水务局水资源处,处长,水务水资源,水利
58,钟伟民,深圳市,深圳市东江水源工程管理处,主任,东江水源工程管理,水利
58,钟伟民,深圳市,深圳市排水管理处,处长,排水管理,机关
58,钟伟民,深圳市,深圳市水务局水污染治理处,处长,水务水污染治理,生态环境
58,钟伟民,深圳市,深圳市水务局,办公室主任,水务,水利
58,钟伟民,深圳市,深圳市三防办,主任,三防办,消防
57,钟晓鸿,深圳市,深圳市住房和建设局,副巡视员,住房和建设,住房
57,钟晓鸿,深圳市,财务审计处,Blank,财务审计,审计
57,钟晓鸿,深圳市,市建筑废弃物管理办公室,Blank,建筑废弃物管理,住房
57,钟晓鸿,深圳市,市住房建设信息中心,Blank,住房建设信息中心,住房
57,钟晓鸿,深圳市,深圳市环保局生态市建设办公室,主任,环保生态建设,生态环境
57,钟晓鸿,深圳市,深圳市环保局规划处,处长,环保规划,生态环境
57,钟晓鸿,深圳市,深圳市人居环境委员会秘书处,处长,人居环境秘书,生态环境
45,钟海,深圳市,深圳市科技创新委员会,副主任;党组成员,科技创新,科学技术
45,钟海,深圳市,盐田港国际资讯有限公司,董事;总经理,港国际资讯有限公司,Else
45,钟海,深圳市,深圳市盐田港集团有限公司,董事会秘书处;总经理,港集团有限公司,Else
45,钟海,深圳市,深圳市大铲湾港口投资发展有限公司,办公室主任,大铲湾港口投资发展有限公司,发展和改革委员会
45,钟海,深圳市,深圳市盐田港集团有限公司,董事会秘书处;副主任,港集团有限公司,Else
45,钟海,美国,美国佛罗里达大学,硕士研究生,美国佛罗里达大学,高等院校
45,钟海,深圳市,深圳能源集团股份有限公司办公室,业务主办,能源集团股份有限公司,能源
45,钟海,深圳市,信息技术中心,信息技术中心规划与架构经理;应用管理高级经理,信息技术中心,科学技术
45,钟海,香港,香港科技大学工商管理专业,硕士研究生,香港科技大学工商管理专业,科学技术
45,钟海,深圳市,深圳能源集团股份有限公司办公室,员工,能源集团股份有限公司,能源
45,钟海,深圳市,深能集团妈湾电力公司月亮湾电厂企管部,计算机专工,深能集团妈湾电力公司月亮湾电厂企管部,Else
45,钟海,深圳市,深能集团妈湾电力公司月亮湾电厂运行部,燃机岗;汽机岗;副值长,深能集团妈湾电力公司月亮湾电厂运行部,Else
45,钟海,成都市,电子科技大学电气技术专业,本科生,电子科技大学电气技术专业,科学技术
54,闵晓波,深圳市,福田区委组织部,副部长;正处级副部长,委组织部,人力资源
54,闵晓波,深圳市,深圳市人力资源和社会保障局,;党组成员;副局长,人力资源和社会保障,人力资源
54,闵晓波,深圳市,劳动关系处,Blank,劳动关系,Else
54,闵晓波,深圳市,局审批服务处,Blank,审批服务,Else
54,闵晓波,深圳市,信访处,Blank,信访,信访
54,闵晓波,深圳市,执法监督处,Blank,执法监督,市场监督
54,闵晓波,深圳市,局信息中心,Blank,信息中心,Else
54,闵晓波,深圳市,福田区委组织部干部科,科长,委组织部科,人力资源
54,闵晓波,深圳市,福田区委组织部干部监督室,副主任;主任,委组织部监督室,人力资源
54,闵晓波,深圳市,深圳市福田区委组织部,办公室副主任,委组织部,人力资源
48,陈强,深圳市,市轨道交通建设指挥部,办公室副主任,轨道交通建设指挥部,住房
48,陈强,深圳市,轨道综合处;铁路拓展处,Blank,轨道综合;铁路拓展,铁路
48,陈强,深圳市,市政府办公厅城建处;第二秘书处,副处长,政府办公厅城建;第二秘书,机关
48,陈强,深圳市,市轨道交通建设指挥部,办公室处长,轨道交通建设指挥部,住房
50,陈文清,深圳市,深圳市委办公厅副处级,秘书,委办公厅副级,党
50,陈文清,深圳市,深圳市福田区人民法院,党组成员,人民法院,司法
50,陈文清,深圳市,审判委员会,委员;副院长;正处级审判员,审判,党
50,陈文清,深圳市,深圳市福田区莲花街道,办事处主任,莲花街道,机关
50,陈文清,深圳市,华富街道,党工委书记,华富街道,机关
50,陈文清,深圳市,社会救助和社会事务处,Blank,社会救助和社会事务,社会保障
50,陈文清,深圳市,基层政权建设和区划处,Blank,基层政权建设和划,住房
50,陈文清,深圳市,执法监督处,Blank,执法监督,市场监督
50,陈文清,深圳市,市救助管理站,Blank,救助管理站,社会保障
50,陈文清,深圳市,市殡葬管理所,Blank,殡葬管理所,机关
50,陈文清,深圳市,分管领域和分管部门单位,Blank,分管领域和分管部门单位,Else
49,陈秋明,深圳市,委教育工委,书记,委教育工委,教育
49,陈秋明,深圳市,教育局,局长;党组书记,教育,教育
49,陈秋明,深圳市,市教育局,员工,教育,教育
49,陈秋明,深圳市,市教育局,党组书记,教育,教育
49,陈秋明,深圳市,职业技术学院,党委书记,职业技术学院,科学技术
49,陈秋明,深圳市,职业技术学院,党委副书记;纪委书记,职业技术学院,科学技术
49,陈秋明,深圳市,职业技术学院,副院长;党委委员;纪委书记,职业技术学院,科学技术
56,陈郑兴,深圳市,深圳市司法局,巡视员,司法,司法
56,陈郑兴,深圳市,机关工会,Blank,机关工会,社会保障
56,陈郑兴,深圳市,深圳公证处,Blank,公证,司法
56,陈郑兴,深圳市,前海公证处,Blank,前海公证,司法
56,陈郑兴,深圳市,联系坪山区司法局,Blank,联系司法,司法
56,陈郑兴,深圳市,大鹏新区综合办,Blank,大鹏新综合办,Else
57,陈郑兴,深圳市,深圳市财政局,党组书记;局长,财政,财政
56,陈郑兴,深圳市,深圳市司法局,巡视员,司法,司法
56,陈郑兴,广东省,公安边防部队总医院,政委（正师职）,公安边防部队总医院,公安
57,陈郑兴,深圳市,深圳市财政委员会,党组书记;主任,财政,财政
56,陈郑兴,广东省,公安边防总队政治部,主任,公安边防总队政治部,公安
57,陈郑兴,深圳市,深圳市财政委员会,成员;党组副主任,财政,财政
57,陈郑兴,深圳市,深圳市财政局,成员,财政,财政
57,陈郑兴,深圳市,Blank,党组副局长,Blank,Else
51,顾楠洲,深圳市,深圳市交通运输局（市港务管理局）,党组成员;巡视员,交通运输（港务管理）,交通运输
51,顾楠洲,深圳市,深圳市交通运输委员会（市港务管理局）,党组成员,交通运输（港务管理）,交通运输
51,顾楠洲,北京市,深圳市交通运输委员会（市港务管理局）,党组成员,交通运输（港务管理）,交通运输
51,顾楠洲,北京市,市交通运输行政执法支队,支队长,交通运输行政执法支队,交通运输
51,顾楠洲,深圳市,中共南山区委政法委办公室,办公室主任,中共委政法委,司法
51,顾楠洲,深圳市,中共深圳市委办公厅,副处级秘书;正处级秘书,中共委办公厅,党
51,顾楠洲,深圳市,市交通局法制处,处长,交通法制,交通运输
51,顾楠洲,深圳市,市交通运输委员会综合法规处,处长,交通运输综合法规,司法
51,顾楠洲,深圳市,市交通运输委员会秘书处,处长,交通运输秘书,交通运输
46,高东春,深圳市,深圳市人力资源和社会保障局,党组成员;副局长,人力资源和社会保障,人力资源
46,高东春,深圳市,职业能力建设处,Blank,职业能力建设,住房
46,高东春,深圳市,市职业技能鉴定指导办公室,Blank,职业技能鉴定指导,Else
46,高东春,深圳市,深圳技师学院,Blank,技师学院,高等院校
46,高东春,深圳市,深圳第二高级技工学校,Blank,第二高级技工学校,高等院校
46,高东春,深圳市,市高技能人才公共实训管理服务中心,Blank,高技能人才公共实训管理服务中心,机关
46,高东春,深圳市,市考试院,Blank,考试院,教育
46,高东春,深圳市,深圳市司法局政治部,副主任（正处级）,司法政治部,司法
46,高东春,深圳市,深圳监狱,监狱长（正处级）,监狱,司法
46,高东春,深圳市,深圳市第一劳动教养管理所政治处,主任（副处级),第一劳动教养管理所政治,党
55,高尔剑,深圳市,深圳市住房和建设局,党组成员;副局长,住房和建设,住房
55,高尔剑,深圳市,房屋租赁管理处,Blank,房屋租赁管理,住房
55,高尔剑,深圳市,房屋安全管理处,Blank,房屋安全管理,住房
55,高尔剑,深圳市,勘察设计与建设科技处,Blank,勘察设计与建设科技,科学技术
55,高尔剑,深圳市,市建设科技促进中心,Blank,建设科技促进中心,科学技术
55,高尔剑,深圳市,长圳项目领导小组办公室,Blank,长圳项目领导小组,Else
55,高尔剑,深圳市,深圳市建设局科技教育处,处长,建设科技教育,教育
55,高尔剑,深圳市,建筑节能与墙材改革管理处,处长,建筑节能与墙材改革管理,发展和改革委员会
55,高尔剑,深圳市,深圳市住房和建设局住房保障处,处长,住房和建设住房保障,住房
55,高尔剑,深圳市,政策法规处,处长,政策法规,司法
55,高尔剑,深圳市,勘察设计与建筑业发展处处,处长,勘察设计与建筑业发展,发展和改革委员会
56,高泉,深圳市,机关党委（人事处）,Blank,机关党委（人事）,人力资源
56,高泉,深圳市,建设工程消防设计审查处,Blank,建设工程消防设计审查,住房
56,高泉,深圳市,建设工程消防验收处,Blank,建设工程消防验收,住房
56,高泉,深圳市,市建设工程质量检测中心,Blank,建设工程质量检测中心,住房
56,高泉,深圳市,深圳市建设工程质量检测中心,主任,建设工程质量检测中心,住房
56,高泉,深圳市,深圳市建设工程质量监督总站,站长,建设工程质量监督总站,住房
56,高泉,深圳市,深圳市住房和建设局勘察设计与建筑业管理处,处长,住房和建设勘察设计与建筑业管理,住房
56,高泉,深圳市,深圳市第八批援疆工作队,副领队,第八批援疆工作队,Else
56,高泉,深圳市,深圳市对口支援新疆工作前方指挥部,专职副总指挥;党委委员,对口支援新疆工作前方指挥部,Else
56,高泉,深圳市,喀什经济开发区党工委,党工委委员;管委会副主任,喀什经济开发党工委,财政
56,高瞻,深圳市,深圳市工业和信息化局,副局长,工业和信息化,工业和信息化
56,高瞻,深圳市,产业规划处,Blank,产业规划,国有资产监督管理
56,高瞻,深圳市,预算监督处,Blank,预算监督,财政
56,高瞻,深圳市,工业投资和创新处,Blank,工业投资和创新,工业和信息化
56,高瞻,深圳市,工展馆,Blank,工展馆,Else
56,高瞻,深圳市,深圳市生产力促进中心,副主任,生产力促进中心,Else
56,高瞻,深圳市,深圳市工业展览馆,副馆长,工业展览馆,工业和信息化
56,高瞻,深圳市,深圳市公平贸易促进署,署长,公平贸易促进署,Else
56,黄臻,深圳市,深圳市科技创新委员会,副主任;党组成员,科技创新,科学技术
56,黄臻,深圳市,深圳市宝安区发展和改革局,局长,发展和改革,发展和改革委员会
56,黄臻,深圳市,中共深圳市宝安区委员会办公室（区政府办公室）,副主任,中共（政府）,党
56,黄臻,深圳市,深圳市宝安区贸易工业局（旅游局）,副局长,贸易工业（旅游）,工业和信息化
56,黄臻,深圳市,深圳市宝安区新安街道经济科技科,科长,新安街道经济科技科,科学技术
56,黄臻,深圳市,深圳市宝安区新安街道经济发展办,主任科员,新安街道经济发展办,发展和改革委员会
56,黄臻,深圳市,深圳市宝安区新安街道经济发展办,副主任,新安街道经济发展办,发展和改革委员会
56,黄臻,深圳市,深圳市宝安区新安街道党政办,干部;副主任,新安街道党政办,党
56,黄臻,深圳市,深圳市宝安区西乡镇股份有限公司,副总经理、工程师,西乡镇股份有限公司,Else
56,黄臻,广东省,广东省宝安县新安镇经济发展总公司,助理工程师,县新安镇经济发展总公司,发展和改革委员会
56,黄臻,广东省,广东省宝安县化学工业公司,助理工程师,县化学工业公司,工业和信息化
56,黄臻,广东省,广东省宝安县科技开发公司,业务员,县科技开发公司,科学技术
56,黄臻,哈尔滨市,哈尔滨工业大学精密仪器系机械制造专业,硕士研究生,工业大学精密仪器系机械制造专业,工业和信息化
56,黄臻,广西省,广西柳州航天部801厂,设计员;团支部书记,广西柳州航天部801厂,Else
56,黄臻,哈尔滨市,哈尔滨工业大学,本科生,工业大学,工业和信息化
