生日,人物,t_start,t_end,地点,机构,职位
1966.1,丁强,1988.06,2019.12,深圳市,原市规划与国土资源局规划处，原市规划局规划处，市规划国土委地区规划处，科技信息处，龙华管理局，深汕特别合作区管委会，总体规划处（市城市规划委员会秘书处），地区规划处（地名处），城市和建筑设计处（市雕塑办公室），盐田管理局，深汕合作区管理局，市规划国土发展研究中心，市公共艺术中心（深圳雕塑院、市城市设计促进中心），市当代艺术馆与城市规划展览馆,副处长，副处长;总师室调研员，处长，处长，局长，副主任
1965.04,于宝明,2016.09,2019.01,深圳市,市交通运输委员会（市港务管理局）,党组书记;主任（局长）
1965.04,于宝明,2016.09,2019.12,深圳市,市交通运输局（市港务管理局）,党组书记;局长
1965.04,于宝明,2015.08,2016.09,深圳市,市建筑工务署,党组书记;署长
1965.04,于宝明,1987.09,2015.08,深圳市,市运输局建设处，市交通局规划建设处，市交通局，市交通运输委,处长，调研员;处长，总工程师;副局长，党组成员;副主任，
1963.07,任继光,2019.01,2019.12,深圳市,深圳市司法局,党委委员;副局长
1963.07,任继光,2019.01,2019.12,深圳市,律师公证管理处，社区矫正和安置帮教工作处，市监狱戒毒管理办公室，深圳监狱，市司法局第一强制隔离戒毒所，市司法局第二强制隔离戒毒所，宝安区司法局，光明区综合办，市律师协会，市公证协会,Blank
1963.07,任继光,2016.01,2019.01,深圳市,深圳市司法局,党委委员;副局长
1963.07,任继光,2013.05,2016.01,深圳市,深圳市公安局,党委委员;副局长
1964.1,余璟,2016.1,2019.12,深圳市,发展和改革委员会,党组成员;副主任
1964.1,余璟,1987.07,2016.1,深圳市,能源集团东部电厂，东部电厂二期厂,总经理，办主任
1966.07,关苏,2019.06,2019.12,深圳市,教育局党组,二级巡视员
1966.07,关苏,2019.01,2019.06,深圳市,教育局党组,巡视员
1966.07,关苏,2017.06,2019.01,湖北省,军区办公室,主任
1966.07,关苏,2014.06,2017.06,湖北省,咸宁军分区政治,委员
1966.07,关苏,2010.09,2014.06,深圳市,驻香港部队基地,副政治委员
1966.04,凌冲,1986.07,2019.12,深圳市,深圳市委员会，深圳市团校，深圳市委教育基地，深圳市老龄工作委员会办公室，市民政局救灾救济和低保处，市民政局救灾救助和慈善处，市民间组织管理局,副部长;部长，副校长(正处级)，主任，主任，处长，处长，局长
1966.04,凌冲,1986.07,2019.12,深圳市,社会组织管理局，社会组织,Blank
1961.07,刘世会,1980.11,2019.12,深圳市,市规划与国土资源局机关服务中心，市国土资源和房产管理局，地政和监察分局，直属分局，市规划和国土资源委员会行政监察处，秘书处，办公室（信访办），机关党委（人事处），龙岗管理局，坪山管理局，山水宾馆,中心主任，办公室主任，局长，局长，处长，处长
1971.02,刘伟,2018.06,2019.09,深圳市,发展和改革委员会,副主任
1971.02,刘伟,2016.1,2018.06,深圳市,龙岗区委，区政府,常委，党组成员
1971.02,刘伟,2016.09,2016.1,深圳市,龙岗区委，区政府,常委;副区长，党组成员
1971.02,刘伟,2016.07,2016.09,深圳市,龙岗区政府副区长,党组成员
1971.02,刘伟,2011.05,2016.06,深圳市,发展和改革委员会综合处,处长
1971.02,刘伟,2011.04,2011.05,深圳市,人民政府办公厅第一秘书处,处长
1971.02,刘伟,2011.02,2011.04,深圳市,人民政府办公厅财经处,副处长
1971.02,刘伟,2007.12,2011.02,深圳市,人民政府办公厅综合处,副处长
1971.02,刘伟,2003.07,2007.12,深圳市,人民政府办公厅综合处,主任科员
1971.02,刘伟,2000.09,2003.06,上海市,复旦大学,政治经济学博士研究生
1971.02,刘伟,1997.09,2000.07,上海市,复旦大学,经济学系硕士研究生
1971.02,刘伟,1992.07,1997.08,浙江省,华东石化销售公司高桥石油站,科员
1971.02,刘伟,1988.09,1992.07,浙江省,浙江大学应用电子技术专业,学生
1963.08,刘初汉,2019.01,2019.12,深圳市,深圳市生态环境局，深圳市生态环境局,党组书记;局长
1963.08,刘初汉,2015.01,2019.01,深圳市,深圳市人居环境委员会,主任
1963.08,刘初汉,2008.1,2011.01,北京市,北京大学高级管理人员工商管理,硕士
1963.08,刘初汉,2004.05,2015.01,深圳市,深圳市城管局（市城管执法局）,副局长;党委委员
1963.08,刘初汉,2002.08,2004.05,深圳市,深圳市府城管办（市城管执法局）,副主任（副局长）;党委委员
1963.08,刘初汉,2002.01,2002.08,深圳市,深圳市环境监理所,所长
1963.08,刘初汉,1998.03,2002.01,深圳市,深圳市环保局监督管理处,处长
1963.08,刘初汉,1995.1,1998.03,深圳市,深圳市环保局监督管理处,副处长（主持该处工作）
1963.08,刘初汉,1995.08,1995.1,深圳市,深圳市环保局政策法规处,副处长（主持该处工作）
1963.08,刘初汉,1994.01,1995.08,深圳市,深圳市环保局政策法规处主任,科员（该处负责人）
1963.08,刘初汉,1993.03,1994.01,深圳市,深圳市环保局办公室,副主任科员（文秘）
1963.08,刘初汉,1991.07,1993.03,深圳市,深圳市环保局办公室,科员（文秘）
1963.08,刘初汉,1984.09,1991.07,武汉省,武汉大学法学专业,学生
1970.11,卢旭阳,2019.01,2019.12,深圳市,深圳市生态环境局,党组成员;副局长
1970.11,卢旭阳,2019.01,2019.12,深圳市,大气环境处，生态环境监测与科技处，安全生产和环境应急工作，市环境监测中心站，市生态环境监测院，市环境科学研究院，市生态环境局南山分局，市生态环境局龙华分局,Blank
1970.11,卢旭阳,2016.01,2016.11,深圳市,深圳市人居环境委员会大气环境管理处,处长
1970.11,卢旭阳,2015.11,2019.01,深圳市,深圳市人居环境委员会,副主任
1970.11,卢旭阳,2015.09,2015.01,深圳市,深圳市人居环境委员会环境安全管理处,处长
1970.11,卢旭阳,2013.06,2015.09,深圳市,深圳市人居环境委员会大气污染防治办公室,副主任
1970.11,卢旭阳,2011.01,2015.09,深圳市,深圳市人居环境委员会污染防治处,调研员
1970.11,卢旭阳,2009.1,2011.01,深圳市,深圳市人居环境委员会污染防治处,副处长
1970.11,卢旭阳,2004.12,2009.1,深圳市,深圳市环保局环境监督管理处,副处长
1970.11,卢旭阳,2003.03,2004.12,深圳市,深圳市机动车排污监督管理办公室,副主任
1970.11,卢旭阳,2000.05,2003.03,深圳市,深圳市固废管理中心,工程师
1970.11,卢旭阳,1997.08,2000.05,深圳市,深圳市环保局,副主任科员
1970.11,卢旭阳,1994.09,1997.08,深圳市,深圳市环境监理所环境,监理员
1970.11,卢旭阳,1993.07,1994.08,深圳市,沙头角建筑设计公司,排水设计助工
1970.11,卢旭阳,1988.09,1993.07,北京市,清华大学环境工程专业,学生
1967.08,吴军军,2016.09,2018.08,深圳市,深圳市人力资源和社会保障局,党组成员;副局长
1964.12,吴学龙,2019.01,2019.12,深圳市,深圳市生态环境局,副巡视员
1964.12,吴学龙,2019.01,2019.12,深圳市,环境应急管理处，市生态环境局罗湖分局，市生态环境局坪山分局,Blank
1964.12,吴学龙,2009.04,2019.01,深圳市,深圳市城市管理局（市城市管理行政执法局），深圳市环境卫生管理处,党委委员，处长（副局级）
1964.12,吴学龙,2008.05,2009.04,深圳市,深圳市环境卫生管理处,处长
1964.12,吴学龙,2002.01,2008.05,深圳市,深圳市环境卫生管理处,党委副书记;主任
1964.12,吴学龙,1996.11,2002.01,深圳市,深圳市环境卫生管理处,副主任
1964.12,吴学龙,1995.03,1996.11,深圳市,深圳市环境卫生管理处技术设备科,科长
1964.12,吴学龙,1994.08,1995.03,深圳市,深圳市环境卫生管理处技术设备科,副科长
1964.12,吴学龙,1992.06,1994.08,深圳市,深圳市环卫化工厂,副厂长;厂长
1964.12,吴学龙,1991.07,1992.06,深圳市,深圳市环境卫生管理处,科员
1964.12,吴学龙,1988.09,1991.07,北京市,北京大学环境科学中心环境地学专业,硕士研究生
1964.12,吴学龙,1985.08,1988.09,武汉市,武汉城市建筑学院环境工程系,教师
1964.12,吴学龙,1980.09,1985.07,北京市,清华大学土木工程系,学员
1964.07,吴登记,2018.01,2019.12,深圳市,深圳市人力资源和社会保障局，市社会保险基金管理局，分管养老保险处，工伤保险处,党组成员
1964.07,吴登记,2009.1,2018.01,深圳市,市人力资源和社会保障局工资福利处，深圳市社会保险基金管理局,处长，局长;党委书记
1970.02,吴远翔,1995.08,2019.12,深圳市,深圳市委办公厅综合一处，市民管局执法监察处，市民政局办公室,副处长，处长，主任
1970.02,吴远翔,1995.08,2019.12,深圳市,深圳市委办公厅综合一处，市民管局执法监察处，市民政局办公室，办公室，规划和政策法规处，市捐助中心，市慈善会，分管领域和分管部门单位，市慈善事业联合会，市中国慈展会发展中心，市社会工作者协会,Blank
1971.1,周岸标,2017.02,2019.01,深圳市,政协深圳市坪山区委员会，中共深圳市坪山区石井街道工作委员会,副主席;党组成员，书记
1971.1,周岸标,2017.02,2019.12,深圳市,深圳市生态环境局,党组成员;副局长
1971.1,周岸标,2017.02,2019.12,深圳市,法规和标准处（生态文明体制改革办公室），环境影响评价与排放管理处（行政审批处），污染源管理处，市生态环境执法支队，市人居环境技术审查中心，市生态环境局龙岗分局，市生态环境局深汕特别合作区分局,Blank
1971.1,周岸标,2016.1,2017.01,深圳市,中共深圳市坪山新区石井街道工作委员会书记兼办事处,主任
1971.1,周岸标,2012.03,2016.1,深圳市,深圳市坪山新区坑梓办事处,主任
1971.1,周岸标,2009.09,2012.03,深圳市,深圳市坪山新区社会管理局,副局长（正处级）
1971.1,周岸标,1995.07,2009.09,深圳市,深圳市人力资源和社会保障局,党组成员;副局长
1971.1,周岸标,1991.09,1995.06,广东省,共青团深圳市委,副部长;部长
1966.07,娄和儒,2019.01,2019.12,深圳市,市交通运输局（市港务管理局），物流和供应链发展处（市泥头车安全专项整治工作领导小组办公室），港航管理处，民航发展处，宝安管理局，光明管理局，深圳港引航站，主持局直属机关,党组成员;副局长，
1966.07,娄和儒,2016.09,2019.01,深圳市,深圳市交通运输委员会（市港务管理局）,党组成员;副主任（副局长）
1966.07,娄和儒,1990.07,2016.09,深圳市,市交通局政工人事处，安全技术处，政工人事处，市交通运输委员会人事处,副处长;纪委副书记，处长，处长，处长
1962.11,孙福金,2017.08,2019.12,深圳市,深圳市人力资源和社会保障局,局长
1962.11,孙福金,2017.07,2017.08,深圳市,深圳市人力资源和社会保障局,党组书记
1962.11,孙福金,2014.09,2017.07,深圳市,深圳市机构编制委员会,办公室主任
1962.11,孙福金,2009.08,2014.09,深圳市,深圳市机构编制委员会办公室,办公室副主任
1962.11,孙福金,2007.01,2009.08,深圳市,深圳市机构编制委员会办公室，深圳市人事局（编办）,办公室副主任，党组成员
1968.1,尹杰,2019.01,2019.12,深圳市,深圳市生态环境局,党组成员;副局长
1968.1,尹杰,2019.01,2019.12,深圳市,生态环境保护督查处，水生态环境处，市饮用水源保护管理办公室，市生态环境局宝安分局，市生态环境局光明分局,Blank
1968.1,尹杰,2016.1,2019.01,深圳市,深圳市人居环境委员会水和土壤环境管理处,处长
1968.1,尹杰,2015.12,2016.1,深圳市,深圳市人居环境委员会污染物排放总量控制处,处长
1968.1,尹杰,2011.01,2015.12,深圳市,深圳市人居环境委员会污染减排处,调研员
1968.1,尹杰,2009.1,2011.01,深圳市,深圳市人居环境委员会污染减排处,副处长
1968.1,尹杰,2008.1,2009.1,深圳市,深圳市环境保护局生态市建设办公室，深圳市污染源普查办公室,主任，主任
1968.1,尹杰,2007.07,2008.1,深圳市,深圳市污染减排，深圳市污染源普查办公室,办公室主任，办公室主任
1968.1,尹杰,2004.12,2007.07,深圳市,深圳市环境保护局规划处,副处长
1968.1,尹杰,1998.03,2004.12,深圳市,深圳市环境保护局规划处,主任科员
1968.1,尹杰,1995.12,1998.03,深圳市,深圳市环境保护局规划处,副主任科员
1968.1,尹杰,1995.03,1995.12,深圳市,深圳市环境综合治理办公室,秘书部科员
1968.1,尹杰,1991.07,1995.03,深圳市,深圳市环境保护监测站,助理工程师
1968.1,尹杰,1987.09,1991.07,南京市,南京大学环境化学专业,学生
1964.1,廖远飞,1985.07,2019.12,深圳市,深圳市委办公厅，市工商行政管理局（物价局）宝安分局，市工商行政管理局（物价局），市场监管局，市场监管局（知识产权局），市委办公厅,正处级秘书，局长，副局长，副局长，副局长，副主任
1967.06,张亚立,2019.01,2019.12,深圳市,深圳市生态环境局,党组成员;副局长
1967.06,张亚立,2019.01,2019.12,深圳市,机关党委（人事处），规划发展与财务处，自然生态与海洋生态保护处，市生态环境智控中心（市生态环境宣传教育中心），一带一路环境技术交流与转移中心（深圳），市生态环境局盐田分局，市生态环境局大鹏新区分局,Blank
1967.06,张亚立,2016.04,2016.1,深圳市,深圳市东江环保股份有限公司,总裁助理（挂职）
1967.06,张亚立,2016.01,2019.01,深圳市,深圳市人居环境委员会生态文明建设处,处长
1967.06,张亚立,2015.09,2016.01,深圳市,深圳市人居环境委员会污染减排处,处长
1967.06,张亚立,2013.06,2015.09,深圳市,深圳市人居环境委员会污染减排处,调研员
1967.06,张亚立,2009.1,2013.06,深圳市,深圳市人居环境委员会污染减排处,副处长
1967.06,张亚立,2006.03,2009.1,深圳市,深圳市高新办建设协调处,副处长
1967.06,张亚立,2002.09,2006.03,深圳市,深圳市高新办建设协调处主任,科员
1967.06,张亚立,1995.1,2002.08,深圳市,深圳市宝安区建设局建设管理,人事管理员
1967.06,张亚立,1992.07,1995.09,深圳市,深圳石化集团,质检员
1967.06,张亚立,1985.09,1992.06,兰州市,兰州大学化学专业,学员
1965.01,张学凡,2017.01,2019.12,深圳市,深圳市住房和建设局,局长，党组书记
1965.01,张学凡,1987.07,2017.01,深圳市,深圳市福田区建筑工务局，福田区住房和建设局，深圳市住房和建设局，市住房保障署,局长，局长，党组成员，署长
1962.11,张涞临,2019.06,2019.12,深圳市,教育局,二级巡视员
1962.11,张涞临,2019.01,2019.06,深圳市,教育局,巡视员
1962.11,张涞临,2016.11,2019.01,深圳市,教育局，市委教育工委,副局长;党组成员，委员
1962.11,张涞临,2009.08,2016.11,深圳市,坪山新区党工委,职位委员;管理委员会副主任
1962.11,张涞临,2006.08,2009.08,深圳市,贸易工业局,副局长;党组成员
1969.07,张礼卫,2018.08,2019.12,深圳市,深圳市水务局，市水污染治理指挥部,党组书记;局长，办公室主任
1969.07,张礼卫,2016.09,2018.08,深圳市,深圳市水务局，深圳市东江水源工程管理处，深圳市建筑工务署,处长，主任，党组成员;总工程师;副署长;党组书记
1969.07,张礼卫,1991.07,2016.09,深圳市,深圳市水务局政工人事处，深圳市东江水源工程管理处，深圳市建筑工务署,处长，主任，党组成员;总工程师;副署长;党组书记
1962.012,张福通,2019.01,2019.12,深圳市,办公室;财务审计处，法规处（审批综合处），安全应急处（交通战备处），市交通运输行政执法支队，福田管理局，南山管理局，市道路交通管理事务中心,Blank
1962.012,张福通,2018.06,2019.01,深圳市,深圳市交通运输委员会，市交通运输局（市港务管理局）,党组成员;巡视员，党组成员;巡视员
1962.012,张福通,1980.09,2018.06,深圳市,市财政培训中心，市财政局，市财政局，市财政委员会,主任（副处级），党组成员;总经济师（副局级），党组成员;副局长，党组成员;副主任
1964.09,张素芬,2019.06,2019.12,深圳市,深圳市财政局,党组二级巡视员
1964.09,张素芬,2019.06,2019.12,深圳市,预算处，国库处，深圳市财政国库支付中心,Blank
1964.09,张素芬,2019.01,2019.06,深圳市,深圳市财政局,党组巡视员
1964.09,张素芬,2018.06,2019.01,深圳市,深圳市财政委员会,党组巡视员
1964.09,张素芬,2008.12,2018.06,深圳市,深圳市总工会，机关,党组副主席，党委书记
1971.05,张谦,1993.07,2019.12,深圳市,深圳市南山区规划土地监察大队，南山区城市更新局（土地整备局），南山区西丽街道，办事处，市规划土地监察局，分管林业管理处，市野生动植物保护管理处，龙华管理局，市野生动物救护中心，市公安局森林分局,局长，局长，党工委书记，主任
1966.1,张陆,2019.08,2019.12,深圳市,深圳市交通运输行政执法支队,支队长
1966.1,张陆,1988.07,2019.08,深圳市,深圳市交通工程质量监督站，深圳市交通运输委员会建设管理处，龙岗交通运输局，财务审计处，深圳市交通运输局财务审计处,站长，处长，局长，处长，处长
1974.04,徐志斌,2019.01,2019.12,深圳市,深圳市工业和信息化局,党组副局长
1974.04,徐志斌,2019.01,2019.12,深圳市,深圳市综合法规处（审批服务处），电子信息处（工业运行监测处），无线电管理处（无线电管理办公室），无线电监测站，信息中心,副局长
1974.04,徐志斌,2016.1,2019.01,深圳市,深圳市经济贸易和信息化委员会,党组副主任
1974.04,徐志斌,2013.12,2016.1,深圳市,综合法规处,处长
1974.04,徐志斌,2009.06,2013.12,深圳市,深圳市经贸信息委海洋经济处,处长
1974.04,徐志斌,2004.11,2009.06,深圳市,深圳市贸易工业局工业规划处,员工
1974.04,徐志斌,2003.03,2004.11,深圳市,深圳市对外贸易经济合作局对外经济合作处,副主任科员
1974.04,徐志斌,2002.01,2003.01,深圳市,新华社中国证券报社深圳管理总部,新闻采访业务员
1974.04,徐志斌,2000.01,2001.01,广东省,江广东证券上海投资银行部,实习生
1974.04,徐志斌,2000.01,2002.01,深圳市,中国工商银行深圳分行,国际结算业务员
1974.04,徐志斌,1996.01,1998.01,江西省,江西省对外经济贸易公司,进出口员工
1965.11,徐忠平,2019.01,2019.12,深圳市,市交通运输局（市港务管理局），综合规划处，智慧交通处，市公共交通管理局（市小汽车定编办公室），龙岗管理局，坪山管理局,党组成员;副局长
1965.11,徐忠平,2012.06,2019.01,深圳市,深圳市交通运输委员会（市港务管理局）,党组成员;副主任（副局长）
1965.11,徐忠平,1991.04,2012.06,深圳市,市规划国土局地矿处，市规划局，市规划国土房产信息中心，市城市规划发展研究中心，市规划国土发展研究中心,副处长;局办公室主任，总师室主任，主任，主任，主任
1964.05,徐鹏,2019.01,2019.13,深圳市,政策法规处（市国家司法考试办公室），基层管理处，市法律援助处，改革办公室，公共法律服务三平台建设管理工作专班，南山区司法局，蓝海现代法律发展中心,Blank
1964.05,徐鹏,2013.12,2019.01,深圳市,深圳市司法局,副局长
1964.05,徐鹏,2011.01,2013.12,深圳市,深圳市政府法制办法治协调处,处长
1966.12,文政,2019.01,2019.12,深圳市,深圳市财政局,党组成员;副局长
1966.12,文政,2019.01,2019.12,深圳市,行政处，政法处，预算绩效管理处,Blank
1966.12,文政,2016.11,2019.01,深圳市,深圳市财政委员会,党组成员;副主任
1966.12,文政,2016.09,2016.11,深圳市,龙华新区党工委（管委会）,委员;副主任
1962.012,曾岳雄,2019.01,2019.12,深圳市,市交通运输局（市港务管理局），机关党委（人事处），路政处，市交通公用设施管理处，罗湖管理局，盐田管理局，市综合交通运行指挥中心，市交通信息咨询服务中心,党组成员;副局长
1962.012,曾岳雄,2016.09,2019.01,深圳市,深圳市交通运输委员会（市港务管理局）,党组成员;副主任（副局长）
1962.012,曾岳雄,1980.09,2016.09,深圳市,深圳警备区，深圳市盐田区委（区政府），盐田区城市管理局，盐田区沙头角街道，盐田区委,营级干事，办公室副主任，局长，党工委书记;办事处主任;区委委员，常委;区社会工作委员会主任
1968.01,朱文芳,2019.05,2019.12,深圳市,深圳市住房和建设局，局办公室（审批综合处），物业监管处，市物业专项维修资金管理中心,副巡视员
1968.01,朱文芳,1988.07,2019.05,深圳市,深圳市住宅租赁管理中心，深圳市住房和建设局督查处，组织人事处，机关党委（人事处）,主任，处长，处长，处长
1968.07,朱迪俭,2019.01,2019.12,深圳市,教育局，市委教育工委,副局长;党组成员，委员
1968.07,朱迪俭,2016.09,2019.01,深圳市,市委政法委员会,专职委员
1968.07,朱迪俭,2010.11,2016.09,深圳市,市委党校,副校长（副院长）校委委员;校机关党委书记
1963.11,李卓,2012.07,2019.12,深圳市,深圳市人力资源和社会保障局，市劳动人事争议仲裁院，市劳动能力鉴定委员会办公室,党组成员
1963.11,李卓,2009.1,2012.07,深圳市,深圳市劳动人事争议仲裁院,院长
1963.11,李卓,2009.05,2009.1,深圳市,深圳市劳动争议仲裁院,院长
1970.11,李喻春,1994.07,2019.12,深圳市,伶仃福田国家级自然保护区管理局，原市农业和渔业局海洋管理处，市规划国土委（市海洋局）海洋管理处，市规划国土委（市海洋局）规划和资源管理处，海洋规划和资源管理处，海洋发展处，渔业管理处，市海洋综合执法，市港澳流动渔民办，大鹏管理局，市海洋监测预报中心（市海域使用动态监管中心、市海洋信息中心）、市渔业与水产技术推广总站,副局长，副处长;处长，处长，处长
1964.09,李福民,2019.01,2019.12,深圳市,市交通运输局（市港务管理局），市轨道交通建设指挥部,党组副书记，办公室主任
1964.09,李福民,2013.11,2019.01,深圳市,深圳市轨道交通建设指挥部，深圳市交通运输委员会（市港务管理局）,办公室主任（正局级），副主任，党组副书记书记
1964.09,李福民,1993.03,1994.01,深圳市,深圳市环保局办公室,副主任科员（文秘）
1964.09,李福民,1986.08,2013.11,深圳市,市建筑工务署土地投资开发中心，市光明新区党工委（管委会）,主任，副主任
1962.1,李郑祥,2019.05,2019.12,深圳市,深圳市工业和信息化局,副巡视员
1962.1,李郑祥,2019.05,2019.12,深圳市,深圳市信息化和软件服务业处,Blank
1962.1,李郑祥,2019.03,2019.05,深圳市,深圳市工业和信息化局信息化和软件服务业处,处长
1962.1,李郑祥,2013.12,2019.03,深圳市,深圳市经济贸易和信息化委员会信息化处,处长
1962.1,李郑祥,2012.07,2013.12,深圳市,深圳市经济贸易和信息化委员会电子政务处,处长
1962.1,李郑祥,2009.09,2012.07,深圳市,深圳市科技工贸和信息化委员会信息安全处,处长
1962.1,李郑祥,2004.06,2009.09,深圳市,深圳市科技和信息局信息化推进处,处长
1962.1,李郑祥,2003.03,2004.05,深圳市,深圳市信息化办公室应用推进处,处长
1962.1,李郑祥,2001.08,2003.03,深圳市,深圳市信息化办公室应用推进处,副处长
1962.1,李郑祥,1995.1,2001.08,深圳市,深圳市统计信息局信息规划处,副处长
1962.1,李郑祥,1993.11,1995.09,深圳市,深圳市信息中心,工程师
1962.1,李郑祥,1989.05,1993.11,郑州市,郑州轻工业学院,讲师
1962.1,李郑祥,1986.09,1989.05,湖北省,华中理工大学工业自动化专业,硕士研究生
1962.1,李郑祥,1984.07,1986.09,郑州市,郑州轻工业学院,助教
1963.07,杜斌,2014.07,2019.12,深圳市,市社保局，深圳市人力资源和社会保障局，局机关，计划财务处;审计监督处,专职党委副书记，党组成员，党委书记;一级调研员
1963.07,杜斌,2004.06,2014.07,深圳市,市社保局,副局长
1967.11,杨平,2019.01,2019.12,深圳市,市委教育工委，市教育局,副书记，党组成员
1967.11,杨平,2016.1,2019.01,深圳市,职业技术学院,党委副书记;纪委书记
1960.07,杨青,2016.1,2019.12,深圳市,市发展和改革局，市轨道交通建设指挥部，市轨道交通建设指挥部，轨道规划处;轨道运营监管处,副调研员;调研员，办公室调研员;处长，办公室副主任
1960.07,杨青,1982.08,2016.1,深圳市,市发展和改革局，市轨道交通建设指挥部,副调研员;调研员，办公室调研员;处长
1963.07,林翰章,2019.06,2019.12,深圳市,深圳市交通运输委员会（市港务管理局），局办公室，审批服务处（政策法规处），机关党委（人事处），局安委办，局廉政监督委员会，局工会，团委，妇委会,党组成员
1963.07,林翰章,2016.08,2019.06,深圳市,深圳市水务局,党组成员;二级巡视员
1963.07,林翰章,1985.07,2016.08,深圳市,深圳市环境保护局政策法规处，深圳市环境保护局，局机关，局机关，深圳市环境保护局，深圳市人居环境委员会，深圳市水务局,处长，办公室主任，党委副书记，纪委书记;党组成员，副局长;党组成员，党组成员;副主任，巡视员
1971.07,梁永生,2016.08,2019.12,深圳市,深圳市科技创新委员会,主任
1971.07,梁永生,2016.03,2016.08,深圳市,深圳信息职业技术学院,院长
1971.07,梁永生,2010.11,2016.03,深圳市,深圳信息职业技术学院,副院长;信息技术研究所;所长
1971.07,梁永生,2006.11,2010.11,深圳市,信息职业技术学院信息技术研究所,所长;软件工程系;主任
1971.07,梁永生,2005.1,2006.11,深圳市,信息职业技术学院,教师;信息技术研究所;副所长
1971.07,梁永生,2003.02,2004.05,哈尔滨市,中国联通哈尔滨分公司互联网与电子商务部,经理;高级工程师
1971.07,梁永生,2001.12,2005.1,哈尔滨市,哈尔滨工业大学信息与通信工程流动站,博士后
1971.07,梁永生,2001.12,2003.02,哈尔滨市,中国联通哈尔滨分公司互联网与电子商务部,部长;工程师
1971.07,梁永生,2000.05,2001.12,哈尔滨市,哈尔滨日达兴科技实业股份有限公司IT事业部,总经理
1971.07,梁永生,1997.03,1999.12,哈尔滨市,哈尔滨工业大学机械设计及理论专业,博士研究生
1971.07,梁永生,1995.09,1997.03,哈尔滨市,哈尔滨工业大学机械学系,硕士研究生
1971.07,梁永生,1993.07,1995.09,哈尔滨市,哈尔滨塑料模具机械厂,助理工程师
1971.07,梁永生,1989.09,1993.07,陕西省,西北轻工业学院制造与设计专业,本科生
1960.12,梅爱民,2019.01,2019.12,深圳市,深圳市司法局,委员;党委巡视员
1960.12,梅爱民,2019.01,2019.12,深圳市,计财装备处，科技信息办公室，新闻办公室，指挥中心，罗湖区司法局,Blank
1960.12,梅爱民,2016.09,2019.01,深圳市,深圳市司法局,委员;党委巡视员
1960.12,梅爱民,2012.06,2016.09,深圳市,深圳市市司法局，领导小组办公室（市普法领导小组办公室）,党委委员，副主任
1960.12,梅爱民,2003.06,2012.06,深圳市,深圳市人大常委会经济工作委员会,副主任
1962.05,沙新华,2017.01,2019.12,深圳市,深圳市科技创新委员会,副巡视员
1962.05,沙新华,2017.01,2019.12,深圳市,高新技术处，区域创新和成果转化处，深圳市科技评审管理中心，深圳市国家自主创新示范区服务中心,Blank
1962.05,沙新华,2014.02,2017.01,深圳市,深圳市科技创新委员会科技应用促进处,处长
1962.05,沙新华,2012.02,2014.02,深圳市,深圳市科技创新委员会高新区管理处,处长
1962.05,沙新华,2009.09,2012.02,深圳市,深圳市科技工贸和信息化委员会;高新区发展促进处,处长
1962.05,沙新华,2005.01,2009.09,深圳市,深圳市高新办综合处,处长
1962.05,沙新华,2002.03,2008.02,天津市,天津大学;管理科学与工程,研究生博士
1962.05,沙新华,2002.03,2005.01,深圳市,深圳市高新办计划财务处,副处长
1962.05,沙新华,2000.08,2002.02,长沙市,长城科技股份有限公司计划财务部,部长
1962.05,沙新华,1993.05,2000.08,深圳市,深圳国际展览中心计划财务部,副经理;经理;财务总监
1962.05,沙新华,1988.07,1993.05,吉林省,吉林工业大学管理学院，教研室,教师，副主任
1962.05,沙新华,1985.09,1988.07,吉林省,吉林工业大学管理工程,研究生硕士
1962.05,沙新华,1983.07,1985.09,吉林省,吉林工业大学管理学院,教师
1962.05,沙新华,1979.09,1983.07,吉林省,吉林工业大学机械制造管理工程,本科学士
1963.11,温焕强,2019.01,2019.12,深圳市,深圳市财政局，注册会计师行业,党组成员，党委专职书记
1963.11,温焕强,2019.01,2019.12,深圳市,资产和非税收入管理处，会计处，深圳市公物和财政票据管理中心，深圳市会计学会，深圳市财政学会，深圳市预算与会计研究会，深圳市注册会计师协会，深圳市资产评估协会，深圳会计进修学院,Blank
1963.11,温焕强,2013.05,2019.01,深圳市,深圳市财政委员会，机关,党组成员，党委书记
1963.11,温焕强,2009.08,2013.05,深圳市,深圳市财政委员会,副巡视员
1963.11,温焕强,2008.12,2009.08,深圳市,深圳市财政局,副巡视员
1964.09,王东,1985.08,2019.12,深圳市,市南山区人大常委办公室，市南山区西丽街道，市南山区人大常委会，区总工会，市南山区政府，区总工会，市南山区政府，计划财务处，市政交通处（市地下管线管理办公室），生态修复和地质环境处（市地面坍塌防治领导小组办公室），南山管理局，宝安管理局，市梧桐山风景管理处，深圳大鹏半岛国家地质公园管理处，广东内伶仃福田国家自然保护区管理局,副主任，党工委书记;主任，副主任;党组成员，主席，副区长;党组成员，主席，副区长;党组成员
1963.05,王伟雄,2019.01,2019.12,深圳市,深圳市生态环境局,巡视员
1963.05,王伟雄,2019.01,2019.12,深圳市,办公室;市生态环境局福田分局,Blank
1963.05,王伟雄,2016.11,2019.01,深圳市,深圳市人居环境委员会,党组成员;副主任
1963.05,王伟雄,2011.12,2016.11,深圳市,深圳市坪山新区，综合办公室,党工委委员，主任
1963.05,王伟雄,2009.09,2011.12,深圳市,深圳市坪山新区经济服务,局长
1963.05,王伟雄,2008.06,2009.09,深圳市,深圳市大工业区管委会,办公室主任
1963.05,王伟雄,2005.09,2008.06,深圳市,深圳市大工业区管委会建设处,处长
1963.05,王伟雄,2002.02,2005.09,深圳市,深圳市大工业区管委会招商处,处长
1963.05,王伟雄,1996.1,2002.02,深圳市,深圳市龙岗大工业区管委会招商处,副处长
1963.05,王伟雄,1994.07,1996.1,深圳市,深圳市福田保税区经济发展总公司，国资办,总经理助理;党委委员，副主任
1963.05,王伟雄,1992.01,1994.07,深圳市,深圳市福田区梅林街道办,经济办主任;党委委员
1963.05,王伟雄,1989.06,1992.01,深圳市,深圳市环境保护局规划处,副主任科员
1963.05,王伟雄,1984.07,1989.06,深圳市,深圳市环境保护局,科员
1963.05,王伟雄,1980.09,1984.07,广东省,中山大学自然地理专业,学生
1965.11,王幼鹏,1987.03,2019.12,深圳市,市规划与国土资源局南山分局，市规划局滨海分局，市规划局，市规划和国土资源委员会，中共深圳市龙岗区，市人民政府,局长，局长，副局长;党组成员，副主任;党组成员，区委常委;副区长;常务副区长，副秘书长（正局级）
1964.05,王水发,2019.01,2019.12,深圳市,教育局，市委教育工委,副局长;党组成员，委员
1963.03,王爱朝,1983.07,2019.12,深圳市,深圳市土地投资开发中心，市建筑工务署土地开发中心，光明新区建筑工务和土地开发中心，光明新区土地整备中心，前海管理局规划建设处,总工程师，总工程师，主任，主任，处长
1970.09,王策飞,1994.07,2019.12,深圳市,罗湖区重建局，罗湖区城市更新局，市城市更新局，自然资源调查监测和确权登记处，自然资源所有者权益处，自然资源开发利用处，国土空间用途管制和耕地保护处，罗湖管理局，市土地房产交易中心（市矿业权交易中心），市房地产评估中心（市地质环境监测中心）,局长，局长，局长
1970.03,皮勇华,1992.07,2019.12,深圳市,龙岗区布吉镇，布吉街道，坂田街道，宣传部，组织部，总工会，龙岗区总工会，龙岗区人力资源局，直属机关，龙岗区委组织部，龙岗区坂田街道,党委委员，党工委委员，党工委组织宣传委员，部长，部长，主席，常务副主席，局长，党委书记，副部长，党工委书记
1970.03,皮勇华,1992.07,2019.12,深圳市,养老服务和儿童福利处，机关党委（人事处），市养老护理院，分管领域和分管部门单位，老龄服务事业产业联合会，市老龄事业发展基金会，市社会福利协会，市社会福利基金会,Blank
1969.07,聂新平,2019.01,2019.12,深圳市,发展和改革委员会,党组书记;主任
1969.07,聂新平,2018.06,2019.01,深圳市,发展和改革委员会,党组书记;主任
1969.07,聂新平,2018.01,2018.06,深圳市,人民政府,区长党组书记;纪委委员
1969.07,聂新平,2015.09,2018.01,深圳市,罗湖区委副书记，区人民政府,区长;党组书记，第六届市纪委委员
1969.07,聂新平,2015.08,2015.09,深圳市,罗湖区委，区人民政府,副书记，党组书记
1969.07,聂新平,2013.12,2015.08,深圳市,人民政府办公厅,主任;党组副书记
1969.07,聂新平,2005.11,2013.12,深圳市,人民政府办公厅,副主任;党组成员
1969.07,聂新平,2004.12,2005.11,深圳市,人民政府办公厅综合处,处长
1969.07,聂新平,2001.01,2004.12,深圳市,人民政府办公厅社会处,副处长;综合处副处长
1969.07,聂新平,1998.08,2001.01,深圳市,人民政府办公厅综合处,主任;科员
1969.07,聂新平,1996.04,1998.08,深圳市,人民政府办公厅总值班室干部,副主任科员;综合处副主任科员
1969.07,聂新平,1993.1,1996.04,深圳市,中信集团中大投资管理有限公司,干部
1969.07,聂新平,1992.11,1993.1,深圳市,招商银行证券业务部,干部
1969.07,聂新平,1991.07,1992.11,深圳市,通广—北电有限公司生产部,主管
1969.07,聂新平,1987.09,1991.07,北京市,经济管理系国民经济管理专业,学习生
1963.03,肖民,2019.01,2019.12,深圳市,住房和建设局党，政策法规处，燃气发展与市政管廊处（市燃气管道安全管理办公室），市建设工程造价管理站,党组成员;巡视员
1963.03,肖民,1985.07,2019.01,深圳市,铁道部第三勘察设计院，深圳市地铁集团有限公司,副总工程师，总工程师;董事;总经理;党委副书记
1967.1,胡卫东,2019.01,2019.12,深圳市,深圳市财政局,党组成员，副局长
1967.1,胡卫东,2019.01,2019.12,深圳市,法规税政处，资源环境处，社会保障处,Blank
1967.1,胡卫东,2017.11,2019.01,深圳市,深圳市统计局，机关,党组成员;副局长，党委书记
1967.1,胡卫东,2017.07,2017.11,深圳市,深圳市统计局,党组成员;副局长
1967.1,胡卫东,2013.07,2017.07,深圳市,深圳市统计局,党组成员;总统计师
1963.08,胡晓清,2019.01,2019.12,深圳市,深圳市工业和信息化局,党组副局长
1963.08,胡晓清,2019.01,2019.12,深圳市,新兴产业处，资源综合利用和电力处，机关党委（人事处）,副局长
1963.08,胡晓清,2016.11,2019.01,深圳市,深圳市经济贸易和信息化委员会,党组副主任
1963.08,胡晓清,2011.12,2016.11,深圳市,中共深圳市龙华新区工作委员会，深圳市龙华新区管理委员会,委员，副主任
1963.08,胡晓清,2009.1,2011.12,深圳市,深圳市科技工贸和信息化委员会秘书处,处长;机关党委副书记;纪委书记
1963.08,胡晓清,2009.06,2009.1,深圳市,深圳市贸工局办公室,处长;纪委委员;工会副主席
1963.08,胡晓清,2006.07,2009.06,深圳市,深圳市贸工局计划财务处,处长;纪委委员;工会副主席
1963.08,胡晓清,2004.12,2006.07,深圳市,深圳市贸工局外商投资管理处,处长;纪委委员;工会副主席
1963.08,胡晓清,2004.06,2004.12,深圳市,深圳市贸工局外商投资管理处,副处长（正处级）纪委委员
1963.08,胡晓清,2003.04,2004.05,深圳市,深圳市外经贸局外资审批处,处长
1963.08,胡晓清,2000.04,2003.04,深圳市,深圳市外经贸局外资审批处,副处长
1963.08,胡晓清,1989.03,2000.04,深圳市,深圳市投资促进中心,科员
1963.08,胡晓清,1987.03,1989.03,深圳市,深圳市外资服务中心,科员
1963.08,胡晓清,1985.08,1987.03,深圳市,深圳市信息中心,科员
1965.1,艾传荣,2016.1,2019.12,深圳市,发展和改革委员会,副巡视员
1965.1,艾传荣,1988.07,2016.1,深圳市,重大项目办公室（设在市发改委），发展和改革委员会发展规划处，发展和改革委员会城市发展处,副主任，处长，处长
1962.11,苏剑,2019.05,2019.12,深圳市,深圳市交通运输局（市港务管理局）,副巡视员
1962.11,苏剑,1980.11,2019.05,深圳市,市公路局政工人事处，深圳市交通运输委员会光明交通局，西部交通局，深圳市交通运输委员会政工人事处，深圳市交通运输局机关,处长，局长，局长，处长，党委（人事处）处长
1970.07,蒋小文,2019.01,2019.12,深圳市,深圳市司法局,党委副书记;副局长
1970.07,蒋小文,2019.01,2019.12,深圳市,社会法规处，环资法规处，经济法规处，法律事务处，文件审查处，宣传教育处，新闻办公室，盐田区司法局，龙岗区司法局,Blank
1970.07,蒋小文,2015.11,2019.01,深圳市,深圳市政府法制办公室（市法律顾问室）,副主任;党组成员
1970.07,蒋小文,2005.11,2015.04,深圳市,深圳市中级人民法院，政治部,党组成员，副处长，主任
1964.03,蒋溪林,2019.01,2019.12,深圳市,深圳市司法局,党委书记;局长
1964.03,蒋溪林,2019.01,2019.12,深圳市,福田区司法局,Blank
1964.03,蒋溪林,2015.04,2019.01,深圳市,深圳市司法局,党委书记;局长
1964.03,蒋溪林,2005.11,2015.04,深圳市,深圳市中级人民法院，政治部,党组成员，副处长，处长，处长，主任
1965.12,蔡茂洲,2019.08,2019.12,深圳市,教育局,主任督学
1966.05,薛峰,2018.01,2019.12,深圳市,深圳市住房和建设局,副局长;党组成员
1966.05,薛峰,2018.01,2019.12,深圳市,规划与建设处，房地产业处，重点项目建设处，市住房公积金管理中心，市房地产，城市建设发展研究中心,Blank
1966.05,薛峰,1990.08,2018.01,深圳市,市规划与国土资源局规划处，市规划局规划处，总师室，市规划局，市规划和国土资源委员会,处长，处长，主任，副局长，副主任
1968.1,裘颖颖,2017.09,2019.12,深圳市,深圳市住房和建设局，市住房保障署，住房改革与发展处，市住房保障署,党组成员，署长
1968.1,裘颖颖,1995.07,2017.09,深圳市,深圳市住房和建设局住房保障处，规划与建设处，市住房保障署,处长，处长，副署长
1964.06,詹有力,1986.09,2019.12,深圳市,原市规划国土局市中外房地产导报社，原市房地产估价中心，市土地储备中心，原市国土资源和房产管理局办公室，市规划和国土资源委员会（市海洋局）秘书处，市规划和国土资源委员会（市海洋局），政策法规处（审批综合处），空间信息管理处（市多规合一工作办公室），福田管理局，市规划国土房产信息中心（市空间地理信息中心），市不动产登记中心，市数字城市工程研究中心秘书,副社长，副主任，副主任，副调研员，副调研员;调研员，处长
1962.05,许少英,2019.08,2019.12,深圳市,深圳市人力资源和社会保障局，深圳市人力资源和社会保障局，政策法规处，就业促进与失业保险处，市公共就业服务中心,党组成员;副局长，二级巡视员
1962.05,许少英,2004.03,2009.08,深圳市,深圳市劳动和社会保障局,党组成员;副局长
1962.05,许少英,2001.08,2004.03,深圳市,深圳市劳动局,党组成员;副局长
1971.04,许建领,2015.11,2019.12,深圳市,教育局，市委教育工委,副局长;党组成员，委员
1960.02,许露露,2019.01,2019.12,深圳市,深圳市生态环境局,党组成员
1960.02,许露露,2018.04,2019.01,深圳市,深圳市人居环境委员会,党组成员
1960.02,许露露,2011.01,2018.04,深圳市,深圳市人居环境委员会，机关,党组成员，党委专职书记
1960.02,许露露,2009.1,2011.01,深圳市,深圳市人居环境委员会人事处,处长
1960.02,许露露,1995.03,2009.1,深圳市,深圳市环保局,员工
1960.02,许露露,1995.01,1995.03,深圳市,深圳市怡乐股份有限公司办公室,副主任
1960.02,许露露,1978.11,1994.1,深圳市,部队,兵人
1969.06,谷云宏,2018.12,2019.12,深圳市,深圳市人力资源和社会保障局，安全生产工作，分管局办公室，人才开发合作处，人力资源市场处，专业技术人员管理处，事业单位人事管理处，工资福利处，人事处，市人事人才公共服务中心,党组成员;副局长
1969.06,谷云宏,2015.07,2018.12,深圳市,市公安局，政治部,党委委员，主任
1969.06,谷云宏,2011.03,2015.07,深圳市,市委组织部干部一处,处长
1969.06,谷云宏,2009.1,2011.03,深圳市,市委组织部干部一处（干部培训处）,处长
1969.06,谷云宏,2003.06,2009.1,深圳市,深圳市委组织部干部一处,副处长
1968.07,贾丽巍,2019.01,2019.12,深圳市,建设管理处，龙华管理局，大鹏管理局，市交通公用设施建设中心，市交通工程质量监督站（市交通工程造价管理站、市交通工程施工安全监督站）,Blank
1968.07,贾丽巍,2018.01,2019.01,深圳市,深圳市交通运输委员会（市港务管理局），市交通运输局（市港务管理局）,党组成员;副主任（副局长），党组成员;副局长
1968.07,贾丽巍,1993.05,2018.01,深圳市,深圳市交通局规划建设处，河源市和平县政府，和平县，河源市委组织部，河源市委组织部，深圳市交通运输委员会空港处，光明交通运输局,副处长，副县长，委常委;县委办主任，副部长;非公有制经济组织和社会组织党工委书记，空港处调研员;处长，局长
1963.08,贾兴东,2019.01,2019.12,深圳市,深圳市工业和信息化局党组,书记;局长
1963.08,贾兴东,2018.08,2019.01,深圳市,深圳市经济贸易和信息化委员会,党组书记
1963.08,贾兴东,2016.11,2018.08,深圳市,深圳市职业技术学院,校长;党委副书记
1963.08,贾兴东,2012.02,2016.11,深圳市,深圳市经济贸易和信息化委员会,副主任;党组成员
1963.08,贾兴东,2009.08,2012.02,深圳市,深圳市科技工贸和信息化委员会,副主任;党组成员
1963.08,贾兴东,2004.03,2009.08,深圳市,深圳市科技和信息局,副局长;党组成员
1963.08,贾兴东,2002.08,2004.03,深圳市,深圳市信息化办公室,副主任;党组成员
1963.08,贾兴东,2001.04,2002.08,深圳市,中国(深圳)综合开发研究院,教授;主任研究员
1963.08,贾兴东,1992.05,2001.03,香港,香港城市大学电子工程系和创意媒体学院,高级研究员
1963.08,贾兴东,1986.01,1992.05,西安市,西安交通大学,助教;讲师;副教授
1968.04,贾长胜,2019.01,2019.12,深圳市,深圳市工业和信息化局党组，深圳市中小企业服务局,成员，局长
1968.04,贾长胜,2016.08,2019.01,深圳市,深圳市投资推广署,副署长;党总支副书记
1968.04,贾长胜,2014.07,2016.08,深圳市,深圳市投资推广署，直属机关,副署长，党支部副书记
1968.04,贾长胜,2014.04,2014.07,深圳市,深圳市龙岗区经济促进局，直属机关,局长，党委书记
1968.04,贾长胜,2011.03,2014.04,深圳市,深圳市龙岗区经济促进局,局长
1968.04,贾长胜,2009.1,2011.03,深圳市,深圳市科技工贸和信息化委员会政策法规处,处长
1968.04,贾长胜,2006.03,2009.1,深圳市,深圳市高新办投资促进处,副处长;处长
1968.04,贾长胜,2002.07,2006.03,深圳市,深圳市高新办招商处,主任科员
1968.04,贾长胜,2000.11,2002.07,深圳市,深港产学研基地产业部,项目经理
1968.04,贾长胜,1999.1,2000.11,深圳市,深圳市安君安全技术有限公司,副总经理
1968.04,贾长胜,1996.05,1999.1,深圳市,深圳市阳光股份有限公司投资部,总经理;副总裁
1968.04,贾长胜,1990.07,1996.05,深圳市,深圳市科技工业园总公司房产部,项目经理
1970.01,赵忠良,2019.09,2019.12,深圳市,深圳市财政局,党组成员;副局长
1970.01,赵忠良,2019.01,2019.12,深圳市,机关党委（人事处），教科文处，工贸金融处，深圳市财政信息中心，深圳市财政金融服务中心,Blank
1970.01,赵忠良,2016.01,2019.09,深圳市,深圳市人力资源和社会保障局,党组成员;副局长
1970.01,赵忠良,2013.08,2016.01,深圳市,深圳市审计局经济责任审计专业局,局长
1968.1,赵立,2016.11,2019.12,深圳市,教育局，市委教育工委,副局长;党组成员，委员
1972.07,邓晓俊,2019.01,2019.12,深圳市,深圳市科技创新委员会，深圳市外国专家局,党组副主任，局长
1972.07,邓晓俊,2019.01,2019.12,深圳市,政策法规处（审批综合处），外国专家和科技人才服务处,Blank
1972.07,邓晓俊,2016.07,2019.01,深圳市,深圳市外国专家局,局长
1972.07,邓晓俊,2013.1,2016.07,深圳市,深圳市人力资源和社会保障局政策法规处,处长
1972.07,邓晓俊,2009.1,2013.1,深圳市,深圳市人力资源和社会保障局政策法规处）,副处长
1972.07,邓晓俊,2008.01,2009.1,深圳市,深圳市人事局办公室（机关党委办公室）,副主任
1972.07,邓晓俊,2006.06,2008.01,深圳市,深圳市人事局（编办）政策法规处（市人事人才研究室）,副处长（副主任）
1972.07,邓晓俊,2003.1,2006.06,深圳市,深圳市人事局公务员与职员管理处,主任科员
1972.07,邓晓俊,2002.1,2003.1,深圳市,深圳市人事局政策法规处,主任科员
1972.07,邓晓俊,2002.06,2002.1,深圳市,深圳市人事局政策法规处,副主任科员
1972.07,邓晓俊,1999.03,2002.06,深圳市,深圳市人才交流服务中心,副主任科员
1972.07,邓晓俊,1997.07,1999.03,深圳市,深圳市人才交流服务中心,科员
1972.07,邓晓俊,1994.09,1997.07,武汉省,武汉大学国际法学专业,硕士研究生
1972.07,邓晓俊,1990.09,1994.06,武汉省,武汉大学国际法专业,本科生
1961.09,邱宣,2016.08,2019.12,深圳市,深圳市科技创新委员会,副主任;党组书记
1961.09,邱宣,2012.02,2016.08,深圳市,深圳市科技创新委员会,副主任;党组成员
1961.09,邱宣,2009.08,2012.02,深圳市,深圳市科技工贸和信息化委员会,副主任、党组成员
1961.09,邱宣,2007.01,2009.08,深圳市,深圳市高新办,副主任、党组成员
1961.09,邱宣,2005.11,2007.01,深圳市,深圳虚拟大学园管理服务中心,主任
1961.09,邱宣,2005.09,2011.06,吉林省,吉林大学东北亚研究院人口资源与环境经济学专业,博士研究生
1961.09,邱宣,2001.12,2005.11,深圳市,深圳虚拟大学园深圳虚拟大学园管理服务中心,副主任
1961.09,邱宣,2001.09,2004.09,吉林省,吉林大学东北亚研究院世界经济专业,研究生
1961.09,邱宣,2001.09,2001.12,深圳市,深圳虚拟大学管理服务中心,主任助理
1961.09,邱宣,1997.06,2001.09,深圳市,高新区服务中心,办公室主任
1961.09,邱宣,1994.03,1997.06,深圳市,深圳通海生物工程公司,副总经理;高级工程师
1961.09,邱宣,1992.04,1994.02,深圳市,深圳市国际生物工程有限公司,董事长助理
1961.09,邱宣,1988.02,1992.04,广西省,广西师范大学化学系,讲师
1961.09,邱宣,1986.09,1988.01,北京市,北京大学生物化学系,进修硕士研究生
1961.09,邱宣,1982.07,1986.08,广西省,广西师范大学化学系,助教
1961.09,邱宣,1978.1,1982.07,广西省,广西师范大学化学系,本科学生
1961.05,郑小霞,1978.09,2019.12,深圳市,市民政局办公室，财务审计处，政工人事处，社会福利和社会事务处,助理调研员，副处长，处长，处长
1961.05,郑小霞,1978.09,2019.12,深圳市,市社会福利中心，分管领域和分管部门单位,Blank
1963.08,郑晓生汉,2019.01,2019.12,北京市,工程质量安全处，建筑市场与招标投标监管处，市建筑工程质量安全监督总站，市市政工程质量安全监督总站，市建设工程交易服务中心,Blank
1963.08,郑晓生汉,1998.07,2019.01,深圳市,深圳市建筑工程质量安全监督总站，深圳市住房和建设局工程招标投标监管处，工程质量安全处，深圳市住房和建设局,站长，处长，处长，副局长;党组成员
1966.1,郑铁军,2019.01,2019.12,深圳市,深圳市财政局，市投资评审中心,党组成员，中心主任
1966.1,郑铁军,2019.01,2019.12,深圳市,市财政投资评审中心,Blank
1966.01,郑雷,2019.01,2019.12,深圳市,深圳市司法局，政治部,党委委员，主任
1966.01,郑雷,2019.01,2019.12,深圳市,机关，机关工会，团委，妇委会，帮扶办公室和基层管理处，龙华区司法局，光明区政法办,Blank
1966.01,郑雷,2018.06,2019.01,深圳市,深圳市盐田区沙头角街道,党工委书记
1966.01,郑雷,2016.1,2018.06,深圳市,深圳市盐田区沙头角街道，办事处,党工委书记，主任
1964.09,郭建,1980.1,2019.12,深圳市,深圳市委组织部老干处，组织处，组织一处，组织二处，机关,副处长，处长，主任，调研员，调研员，党委副书记
1964.09,郭建,1980.1,2019.12,深圳市,分管领域和分管部门单位,Blank
1978.08,郭跃华,2019.01,2019.12,深圳市,发展和改革委员会,党组成员;副主任
1978.08,郭跃华,2016.08,2019.01,深圳市,发展和改革委员会综合处,处长
1978.08,郭跃华,2016.05,2016.08,深圳市,发展和改革委员会服务业处,处长
1978.08,郭跃华,2012.06,2016.05,深圳市,龙岗区委员会，青年联合会,书记，主席
1978.08,郭跃华,2011.05,2012.06,深圳市,政府办公厅综合处,副处长
1978.08,郭跃华,2006.07,2011.05,深圳市,政府办公厅综合处,主任科员
1971.08,郭驰,2085.08,2018.06,广东省,地方税务局，深圳市地方税务局涉外检查分局，广东省地方税务局，质量技术监督局，深圳市市场监督管理局（市知识产权局），深圳市市场和质量监督管理委员会,办公室副主任，副局长，办公室主任，副局长;党组成员，党组成员;副局长，党组成员;副主任
1971.08,郭驰,2019.01,2019.12,深圳市,深圳市财政局，分管办公室（审批综合处），经济建设处，财政监督处，政府采购监督管理办公室,党组成员;副局长
1971.08,郭驰,2018.06,2019.01,深圳市,深圳市财政委员会,党组成员;副主任
1962.04,钟伟民,2019.05,2019.12,深圳市,深圳市交通运输局（市港务管理局），局规划计划处，河湖工作处，水旱灾害防御处，市水文水质中心，河道管理中心，铁岗·石岩水库管理处，公明供水调蓄工程管理处，茅洲河流域下沉督办协调组,党组成员;巡视员
1962.04,钟伟民,2016.09,2019.05,深圳市,深圳市交通运输委员会（市港务管理局）,党组成员
1962.04,钟伟民,2013.07,2019.12,深圳市,深圳市水务局,党组成员;副局长
1962.04,钟伟民,1985.07,2013.07,深圳市,深圳市水务局供水管理处，深圳市水务局，深圳市水务局水资源处，深圳市东江水源工程管理处，深圳市排水管理处，深圳市水务局水污染治理处，深圳市水务局，深圳市三防办,处长，局长助理，处长，主任，处长，处长，办公室主任，主任
1963.12,钟晓鸿,2014.03,2019.12,深圳市,深圳市住房和建设局，财务审计处，市建筑废弃物管理办公室，市住房建设信息中心,副巡视员
1963.12,钟晓鸿,1984.07,2014.03,深圳市,深圳市环保局生态市建设办公室，深圳市环保局规划处，深圳市人居环境委员会秘书处,主任，处长，处长
1975.09,钟海,2016.05,2019.12,深圳市,深圳市科技创新委员会,副主任;党组成员
1975.09,钟海,2014.01,2016.05,深圳市,盐田港国际资讯有限公司,董事;总经理
1975.09,钟海,2012.06,2014.01,深圳市,深圳市盐田港集团有限公司,董事会秘书处;总经理
1975.09,钟海,2011.03,2012.06,深圳市,深圳市大铲湾港口投资发展有限公司,办公室主任
1975.09,钟海,2010.05,2011.03,深圳市,深圳市盐田港集团有限公司,董事会秘书处;副主任
1975.09,钟海,2007.12,2008.05,美国,美国佛罗里达大学,硕士研究生
1975.09,钟海,2006.1,2010.05,深圳市,深圳能源集团股份有限公司办公室，信息技术中心,业务主办，信息技术中心规划与架构经理;应用管理高级经理
1975.09,钟海,2006.08,2008.08,香港,香港科技大学工商管理专业,硕士研究生
1975.09,钟海,2004.01,2006.1,深圳市,深圳能源集团股份有限公司办公室,员工
1975.09,钟海,2002.02,2004.01,深圳市,深能集团妈湾电力公司月亮湾电厂企管部,计算机专工
1975.09,钟海,1998.07,2002.02,深圳市,深能集团妈湾电力公司月亮湾电厂运行部,燃机岗;汽机岗;副值长
1975.09,钟海,1994.09,1998.07,成都市,电子科技大学电气技术专业,本科生
1966.01,闵晓波,2019.01,2019.12,深圳市,福田区委组织部，深圳市人力资源和社会保障局，劳动关系处，局审批服务处，信访处，执法监督处，局信息中心,副部长;正处级副部长，;党组成员;副局长
1966.01,闵晓波,2008.01,2009.01,深圳市,福田区委组织部干部科,科长
1966.01,闵晓波,2004.07,2008.01,深圳市,福田区委组织部干部监督室,副主任;主任
1966.01,闵晓波,2003.09,2004.07,深圳市,深圳市福田区委组织部,办公室副主任
1972.01,陈强,2014.08,2019.12,深圳市,市轨道交通建设指挥部，轨道综合处;铁路拓展处,办公室副主任
1972.01,陈强,1993.07,2014.08,深圳市,市政府办公厅城建处;第二秘书处，市轨道交通建设指挥部,副处长，办公室处长
1970.06,陈文清,1992.07,2019.12,深圳市,深圳市委办公厅副处级，深圳市福田区人民法院，审判委员会，深圳市福田区莲花街道，华富街道,秘书，党组成员，委员;副院长;正处级审判员，办事处主任，党工委书记
1970.06,陈文清,1992.07,2019.12,深圳市,社会救助和社会事务处，基层政权建设和区划处，执法监督处，市救助管理站，市殡葬管理所，分管领域和分管部门单位,Blank
1971.07,陈秋明,2019.1,2019.09,深圳市,委教育工委,书记
1971.07,陈秋明,2019.1,2019.09,深圳市,教育局,局长;党组书记
1971.07,陈秋明,2019.1,2019.09,深圳市,市教育局,员工
1971.07,陈秋明,2019.08,2019.1,深圳市,市教育局,党组书记
1971.07,陈秋明,2016.1,2019.08,深圳市,职业技术学院,党委书记
1971.07,陈秋明,2015.04,2016.1,深圳市,职业技术学院,党委副书记;纪委书记
1971.07,陈秋明,2008.11,2015.04,深圳市,职业技术学院,副院长;党委委员;纪委书记
1964.03,陈郑兴,2019.01,2019.12,深圳市,深圳市司法局,巡视员
1964.03,陈郑兴,2019.01,2019.12,深圳市,机关工会，深圳公证处，前海公证处，联系坪山区司法局，大鹏新区综合办,Blank
1963.07,陈郑兴,2019.01,2019.12,深圳市,深圳市财政局,党组书记;局长
1964.03,陈郑兴,2018.02,2019.01,深圳市,深圳市司法局,巡视员
1964.03,陈郑兴,2016.01,2018.02,广东省,公安边防部队总医院,政委（正师职）
1963.07,陈郑兴,2015.07,2019.01,深圳市,深圳市财政委员会,党组书记;主任
1964.03,陈郑兴,2013.1,2016.01,广东省,公安边防总队政治部,主任
1963.07,陈郑兴,2009.08,2015.07,深圳市,深圳市财政委员会,成员;党组副主任
1963.07,陈郑兴,2001.08,2009.08,深圳市,深圳市财政局,成员，党组副局长
1969.09,顾楠洲,2019.05,2019.12,深圳市,深圳市交通运输局（市港务管理局）,党组成员;巡视员
1969.09,顾楠洲,2016.09,2019.05,深圳市,深圳市交通运输委员会（市港务管理局）,党组成员
1969.09,顾楠洲,2013.07,2016.09,北京市,深圳市交通运输委员会（市港务管理局），市交通运输行政执法支队,党组成员，支队长
1969.09,顾楠洲,1991.07,2013.07,深圳市,中共南山区委政法委办公室，中共深圳市委办公厅，市交通局法制处，市交通运输委员会综合法规处，市交通运输委员会秘书处,办公室主任，副处级秘书;正处级秘书，处长，处长，处长
1974.09,高东春,2019.01,2019.12,深圳市,深圳市人力资源和社会保障局，职业能力建设处，市职业技能鉴定指导办公室，深圳技师学院，深圳第二高级技工学校，市高技能人才公共实训管理服务中心，市考试院,党组成员;副局长
1974.09,高东春,2016.12,2019.01,深圳市,深圳市司法局政治部,副主任（正处级）
1974.09,高东春,2013.1,2016.12,深圳市,深圳监狱,监狱长（正处级）
1974.09,高东春,2008.12,2013.1,深圳市,深圳市第一劳动教养管理所政治处,主任（副处级)
1965.03,高尔剑,2017.09,2019.12,深圳市,深圳市住房和建设局，房屋租赁管理处，房屋安全管理处，勘察设计与建设科技处，市建设科技促进中心，长圳项目领导小组办公室,党组成员;副局长
1965.03,高尔剑,1988.05,2017.09,深圳市,深圳市建设局科技教育处，建筑节能与墙材改革管理处，深圳市住房和建设局住房保障处，政策法规处，勘察设计与建筑业发展处处,处长，处长，处长，处长，处长
1964.04,高泉,2017.07,2019.12,深圳市,机关党委（人事处），建设工程消防设计审查处，建设工程消防验收处，市建设工程质量检测中心,Blank
1964.04,高泉,1992.09,2017.07,深圳市,深圳市建设工程质量检测中心，深圳市建设工程质量监督总站，深圳市住房和建设局勘察设计与建筑业管理处，深圳市第八批援疆工作队，深圳市对口支援新疆工作前方指挥部，喀什经济开发区党工委,主任，站长，处长，副领队，专职副总指挥;党委委员，党工委委员;管委会副主任
1964.08,高瞻,2019.01,2019.12,深圳市,深圳市工业和信息化局，产业规划处，预算监督处，工业投资和创新处，工展馆,副局长
1964.08,高瞻,1985.07,2019.01,深圳市,深圳市生产力促进中心，深圳市工业展览馆，深圳市公平贸易促进署,副主任，副馆长，署长
1964.05,黄臻,2016.05,2019.12,深圳市,深圳市科技创新委员会,副主任;党组成员
1964.05,黄臻,2012.03,2016.05,深圳市,深圳市宝安区发展和改革局,局长
1964.05,黄臻,2009.1,2012.03,深圳市,中共深圳市宝安区委员会办公室（区政府办公室）,副主任
1964.05,黄臻,2007.02,2009.1,深圳市,深圳市宝安区贸易工业局（旅游局）,副局长
1964.05,黄臻,2003.01,2007.02,深圳市,深圳市宝安区新安街道经济科技科,科长
1964.05,黄臻,2001.08,2003.01,深圳市,深圳市宝安区新安街道经济发展办,主任科员
1964.05,黄臻,1998.05,2001.08,深圳市,深圳市宝安区新安街道经济发展办,副主任
1964.05,黄臻,1994.05,1998.05,深圳市,深圳市宝安区新安街道党政办,干部;副主任
1964.05,黄臻,1992.09,1994.05,深圳市,深圳市宝安区西乡镇股份有限公司,副总经理、工程师
1964.05,黄臻,1992.05,1992.09,广东省,广东省宝安县新安镇经济发展总公司,助理工程师
1964.05,黄臻,1991.01,1992.05,广东省,广东省宝安县化学工业公司,助理工程师
1964.05,黄臻,1990.07,1991.01,广东省,广东省宝安县科技开发公司,业务员
1964.05,黄臻,1987.09,1990.06,哈尔滨市,哈尔滨工业大学精密仪器系机械制造专业,硕士研究生
1964.05,黄臻,1984.09,1987.09,广西省,广西柳州航天部801厂,设计员;团支部书记
1964.05,黄臻,1980.09,1984.07,哈尔滨市,哈尔滨工业大学,本科生
